w_app,tau_accept,tau_reacquire,tau_high,w_motion,precision,recall,wrong_frac,wrong_switches,score
0.8,0.7,0.85,0.88,0.2,0.8893101386318438,0.858503875951141,0.11068986136815613,0.3,0.6371241532148287
0.6,0.8,0.85,0.88,0.4,0.899948024948025,0.7751336586809396,0.07505197505197506,0.05,0.6250297085769896
0.8,0.8,0.85,0.88,0.2,0.8984560387256192,0.8261712908448601,0.10154396127438074,0.2,0.6230833682960986
0.6,0.7,0.85,0.88,0.4,0.8937474008213965,0.8347381976037926,0.10625259917860355,0.225,0.6222329992465856
0.6,0.8,0.9,0.88,0.4,0.899948024948025,0.7653501838604753,0.07505197505197506,0.05,0.6152462337565252
0.9,0.7,0.85,0.88,0.1,0.8776272278117826,0.8597851134346971,0.12237277218821734,0.5,0.6150395690582624
0.9,0.8,0.85,0.88,0.1,0.8963946326786356,0.8208452519995102,0.10360536732136447,0.225,0.6136345173567812
0.8,0.7,0.9,0.88,0.2,0.8907856345951641,0.830249013081086,0.10921436540483584,0.25,0.6118202822714143
0.6,0.7,0.9,0.88,0.4,0.8954151867850391,0.8098021526700535,0.10458481321496102,0.175,0.6006325262401315
0.8,0.8,0.9,0.88,0.2,0.8999489795918368,0.7988983068425596,0.10005102040816327,0.15,0.598796266026233
0.9,0.7,0.9,0.88,0.1,0.8769321183904311,0.8323787165565901,0.12306788160956912,0.475,0.5862429533374519
0.9,0.8,0.9,0.88,0.1,0.8994718309859155,0.7819234110782353,0.1005281690140845,0.15,0.5808670730500662
0.9,0.85,0.85,0.88,0.1,0.8987496544849941,0.7227497527659088,0.10125034551500582,0.2,0.5202490617358971
0.8,0.85,0.85,0.88,0.2,0.8989788506132484,0.6978172934532132,0.1010211493867516,0.05,0.49577499467971
0.6,0.85,0.85,0.88,0.4,0.899901185770751,0.6275884858816242,0.07509881422924901,0.025,0.47739085742312615
0.6,0.85,0.9,0.88,0.4,0.899901185770751,0.6267038347428208,0.07509881422924901,0.025,0.4765062062843227
0.9,0.85,0.9,0.88,0.1,0.9,0.6604144140801609,0.1,0.125,0.46041441408016087
0.8,0.85,0.9,0.88,0.2,0.9,0.6583918485165363,0.1,0.05,0.4583918485165363
0.9,0.9,0.85,0.88,0.1,0.9,0.5626211812790606,0.1,0.075,0.36262118127906057
0.9,0.9,0.9,0.88,0.1,0.9,0.5587669007392415,0.1,0.075,0.3587669007392415
0.8,0.9,0.85,0.88,0.2,0.9,0.5015098820780479,0.075,0.025,0.3515098820780479
0.8,0.9,0.9,0.88,0.2,0.9,0.48566520511059713,0.075,0.025,0.33566520511059716
0.6,0.9,0.85,0.88,0.4,0.85,0.365340654526225,0.075,0.025,0.215340654526225
0.6,0.9,0.9,0.88,0.4,0.85,0.3525515320188399,0.075,0.025,0.20255153201883988
