seed,variant,precision,recall,wrong_frac,wrong_switches,mem_size,n_added,wrong_at_end
0,M0,0.927860696517413,0.7159309021113244,0.07213930348258707,1,1,0,False
1,M0,1.0,0.9939024390243902,0.0,0,1,0,False
2,M0,0.7107438016528925,0.8621553884711779,0.2892561983471074,5,1,0,True
3,M0,1.0,0.9982456140350877,0.0,0,1,0,False
4,M0,0.9609665427509294,0.9182948490230906,0.03903345724907063,1,1,0,False
5,M0,0.8611632270168855,0.9125248508946322,0.13883677298311445,2,1,0,False
6,M0,1.0,0.8610108303249098,0.0,0,1,0,False
7,M0,0.7664543524416136,0.6785714285714286,0.23354564755838642,5,1,0,False
8,M0,0.978448275862069,0.7183544303797469,0.021551724137931036,0,1,0,False
9,M0,0.937888198757764,0.9282786885245902,0.062111801242236024,1,1,0,True
10,M0,0.8367346938775511,0.7663551401869159,0.16326530612244897,1,1,0,True
11,M0,0.8333333333333334,0.8125,0.16666666666666666,2,1,0,False
12,M0,1.0,0.6958250497017893,0.0,0,1,0,False
13,M0,1.0,0.8032200357781754,0.0,0,1,0,False
14,M0,0.9764243614931237,0.9594594594594594,0.023575638506876228,0,1,0,False
15,M0,0.9850746268656716,0.8162544169611308,0.014925373134328358,0,1,0,False
16,M0,0.9774193548387097,0.8859649122807017,0.02258064516129032,0,1,0,False
17,M0,0.7138888888888889,0.7603550295857988,0.2861111111111111,1,1,0,False
18,M0,1.0,0.8483606557377049,0.0,0,1,0,False
19,M0,0.839907192575406,0.8008849557522124,0.16009280742459397,2,1,0,False
20,M0,1.0,0.9914529914529915,0.0,0,1,0,False
21,M0,1.0,0.9909747292418772,0.0,0,1,0,False
22,M0,0.9334916864608076,0.7005347593582888,0.0665083135391924,1,1,0,False
23,M0,0.48013245033112584,0.3215077605321508,0.5198675496688742,4,1,0,True
24,M0,0.9917355371900827,0.6217616580310881,0.008264462809917356,0,1,0,False
25,M0,0.8747099767981439,0.9308641975308642,0.12529002320185614,1,1,0,False
26,M0,1.0,0.7019400352733686,0.0,0,1,0,False
27,M0,1.0,0.9299474605954466,0.0,0,1,0,False
28,M0,0.8394495412844036,0.9384615384615385,0.16055045871559634,1,1,0,True
29,M0,1.0,0.851063829787234,0.0,0,1,0,False
30,M0,1.0,0.8324514991181657,0.0,0,1,0,False
31,M0,0.9026915113871635,0.8667992047713717,0.09730848861283643,2,1,0,False
32,M0,1.0,0.9120879120879121,0.0,0,1,0,False
33,M0,0.9658536585365853,0.7779960707269156,0.03414634146341464,1,1,0,False
34,M0,0.8664259927797834,0.8080808080808081,0.13357400722021662,1,1,0,True
35,M0,1.0,0.9904306220095693,0.0,0,1,0,False
36,M0,0.3903061224489796,0.8010471204188482,0.6096938775510204,5,1,0,True
37,M0,0.726984126984127,0.9015748031496063,0.273015873015873,3,1,0,True
38,M0,0.9528619528619529,0.8422619047619048,0.04713804713804714,0,1,0,False
39,M0,1.0,0.907185628742515,0.0,0,1,0,False
40,M0,0.8652482269503546,0.782051282051282,0.1347517730496454,0,1,0,False
41,M0,0.9380165289256198,0.729903536977492,0.06198347107438017,0,1,0,False
42,M0,0.9662698412698413,0.8790613718411552,0.03373015873015873,0,1,0,False
43,M0,0.9922480620155039,0.764179104477612,0.007751937984496124,0,1,0,False
44,M0,1.0,0.9841269841269841,0.0,0,1,0,False
45,M0,1.0,0.8266666666666667,0.0,0,1,0,False
46,M0,1.0,0.987012987012987,0.0,0,1,0,False
47,M0,0.9979123173277662,0.8520499108734403,0.0020876826722338203,0,1,0,False
48,M0,0.9611111111111111,0.9829545454545454,0.03888888888888889,1,1,0,False
49,M0,0.9978070175438597,0.9619450317124736,0.0021929824561403508,0,1,0,False
50,M0,0.9980879541108987,0.93048128342246,0.0019120458891013384,0,1,0,False
51,M0,1.0,0.9966887417218543,0.0,0,1,0,False
52,M0,1.0,0.9939759036144579,0.0,0,1,0,False
53,M0,1.0,0.998220640569395,0.0,0,1,0,False
54,M0,0.7841880341880342,0.7614107883817427,0.21581196581196582,2,1,0,False
55,M0,0.9623824451410659,0.867231638418079,0.03761755485893417,1,1,0,False
56,M0,0.9423076923076923,0.98,0.057692307692307696,0,1,0,False
57,M0,0.9377682403433476,0.7945454545454546,0.06223175965665236,1,1,0,False
58,M0,1.0,0.9873417721518988,0.0,0,1,0,False
59,M0,1.0,0.9827586206896551,0.0,0,1,0,False
60,M0,1.0,0.9964912280701754,0.0,0,1,0,False
61,M0,0.989517819706499,0.8504504504504504,0.010482180293501049,0,1,0,False
62,M0,1.0,0.9787610619469026,0.0,0,1,0,False
63,M0,0.9669117647058824,0.9359430604982206,0.03308823529411765,1,1,0,False
64,M0,0.9951456310679612,0.9975669099756691,0.0048543689320388345,0,1,0,False
65,M0,0.9627192982456141,0.7981818181818182,0.03728070175438596,0,1,0,False
66,M0,0.9847908745247148,0.9487179487179487,0.015209125475285171,0,1,0,False
67,M0,0.7669902912621359,0.6171875,0.23300970873786409,1,1,0,False
68,M0,0.8737060041407867,0.8290766208251473,0.12629399585921325,3,1,0,False
69,M0,1.0,0.8812056737588653,0.0,0,1,0,False
70,M0,0.9029126213592233,0.8732394366197183,0.0970873786407767,1,1,0,False
71,M0,0.9653846153846154,0.9383177570093458,0.03461538461538462,0,1,0,False
72,M0,0.8884120171673819,0.828,0.11158798283261803,0,1,0,False
73,M0,1.0,0.9941634241245136,0.0,0,1,0,False
74,M0,0.8113207547169812,0.7543859649122807,0.18867924528301888,4,1,0,False
75,M0,0.9636363636363636,0.9137931034482759,0.03636363636363636,0,1,0,False
76,M0,0.997093023255814,0.9423076923076923,0.0029069767441860465,0,1,0,False
77,M0,0.8025889967637541,0.6869806094182825,0.19741100323624594,2,1,0,False
78,M0,0.9136546184738956,0.875,0.08634538152610442,0,1,0,False
79,M0,0.5863874345549738,0.8421052631578947,0.41361256544502617,2,1,0,False
80,M0,0.8693877551020408,0.9793103448275862,0.1306122448979592,2,1,0,False
81,M0,0.5501519756838906,0.900497512437811,0.44984802431610943,4,1,0,False
82,M0,0.8647798742138365,0.710594315245478,0.13522012578616352,1,1,0,False
83,M0,0.9534313725490197,0.9974358974358974,0.04656862745098039,0,1,0,False
84,M0,1.0,0.8097982708933718,0.0,0,1,0,False
85,M0,0.9736842105263158,0.9507494646680942,0.02631578947368421,1,1,0,False
86,M0,0.9069767441860465,0.7633451957295374,0.09302325581395349,1,1,0,False
87,M0,1.0,0.9970414201183432,0.0,0,1,0,False
88,M0,0.9478079331941545,0.8284671532846716,0.05219206680584551,1,1,0,False
89,M0,0.8771929824561403,0.9971509971509972,0.12280701754385964,1,1,0,False
90,M0,1.0,0.9978768577494692,0.0,0,1,0,False
91,M0,0.92,0.8582089552238806,0.08,2,1,0,False
92,M0,1.0,0.7040998217468806,0.0,0,1,0,False
93,M0,0.9866666666666667,0.9792060491493384,0.013333333333333334,0,1,0,True
94,M0,0.44692737430167595,0.64,0.553072625698324,3,1,0,False
95,M0,0.9895104895104895,0.930921052631579,0.01048951048951049,0,1,0,False
96,M0,0.8369565217391305,0.7586206896551724,0.16304347826086957,0,1,0,False
97,M0,0.7030456852791879,0.8343373493975904,0.2969543147208122,5,1,0,False
98,M0,0.887905604719764,0.7757731958762887,0.11209439528023599,0,1,0,False
99,M0,0.8958333333333334,0.7023593466424682,0.10416666666666667,2,1,0,False
0,M1,0.0,0.0,1.0,2,1,0,False
1,M1,1.0,0.9939024390243902,0.0,0,1,0,False
2,M1,1.0,0.9899749373433584,0.0,0,1,0,False
3,M1,1.0,0.9280701754385965,0.0,0,1,0,False
4,M1,1.0,0.9964476021314387,0.0,0,1,0,False
5,M1,1.0,0.5308151093439364,0.0,0,1,0,False
6,M1,1.0,0.9873646209386282,0.0,0,1,0,False
7,M1,1.0,0.9154135338345865,0.0,0,1,0,False
8,M1,1.0,0.9778481012658228,0.0,0,1,0,False
9,M1,0.9512195121951219,0.7192622950819673,0.04878048780487805,1,1,0,True
10,M1,1.0,0.9906542056074766,0.0,0,1,0,False
11,M1,1.0,0.725,0.0,0,1,0,False
12,M1,1.0,0.8926441351888668,0.0,0,1,0,False
13,M1,1.0,0.9910554561717353,0.0,0,1,0,False
14,M1,1.0,0.7722007722007722,0.0,0,1,0,False
15,M1,1.0,0.9699646643109541,0.0,0,1,0,False
16,M1,1.0,0.8070175438596491,0.0,0,1,0,False
17,M1,1.0,0.4171597633136095,0.0,0,1,0,False
18,M1,1.0,0.9713114754098361,0.0,0,1,0,False
19,M1,1.0,0.6969026548672567,0.0,0,1,0,False
20,M1,1.0,0.9914529914529915,0.0,0,1,0,False
21,M1,1.0,0.9981949458483754,0.0,0,1,0,False
22,M1,1.0,0.9340463458110517,0.0,0,1,0,False
23,M1,1.0,0.8492239467849224,0.0,0,1,0,False
24,M1,1.0,0.9844559585492227,0.0,0,1,0,False
25,M1,1.0,0.8518518518518519,0.0,0,1,0,False
26,M1,1.0,0.9717813051146384,0.0,0,1,0,False
27,M1,1.0,0.851138353765324,0.0,0,1,0,False
28,M1,1.0,0.9897435897435898,0.0,0,1,0,False
29,M1,1.0,0.9574468085106383,0.0,0,1,0,False
30,M1,1.0,0.8800705467372134,0.0,0,1,0,False
31,M1,0.0,0.0,0.0,0,1,0,False
32,M1,1.0,0.9978021978021978,0.0,0,1,0,False
33,M1,0.9960474308300395,0.4950884086444008,0.003952569169960474,0,1,0,False
34,M1,1.0,0.39057239057239057,0.0,0,1,0,False
35,M1,1.0,0.8827751196172249,0.0,0,1,0,False
36,M1,1.0,0.8324607329842932,0.0,0,1,0,False
37,M1,0.0,0.0,1.0,1,1,0,False
38,M1,0.0,0.0,1.0,0,1,0,False
39,M1,1.0,0.8772455089820359,0.0,0,1,0,False
40,M1,1.0,0.8589743589743589,0.0,0,1,0,False
41,M1,1.0,0.9871382636655949,0.0,0,1,0,False
42,M1,0.95,0.41155234657039713,0.05,0,1,0,False
43,M1,1.0,0.982089552238806,0.0,0,1,0,False
44,M1,1.0,0.9841269841269841,0.0,0,1,0,False
45,M1,1.0,0.9893333333333333,0.0,0,1,0,False
46,M1,1.0,0.987012987012987,0.0,0,1,0,False
47,M1,1.0,0.9857397504456328,0.0,0,1,0,False
48,M1,1.0,0.7708333333333334,0.0,0,1,0,False
49,M1,1.0,0.35517970401691334,0.0,0,1,0,False
50,M1,1.0,0.9946524064171123,0.0,0,1,0,False
51,M1,1.0,0.9966887417218543,0.0,0,1,0,False
52,M1,1.0,0.9939759036144579,0.0,0,1,0,False
53,M1,1.0,0.998220640569395,0.0,0,1,0,False
54,M1,0.8518518518518519,0.0954356846473029,0.14814814814814814,0,1,0,False
55,M1,1.0,0.9971751412429378,0.0,0,1,0,False
56,M1,1.0,0.68,0.0,0,1,0,False
57,M1,1.0,0.9581818181818181,0.0,0,1,0,False
58,M1,1.0,0.9873417721518988,0.0,0,1,0,False
59,M1,1.0,0.9827586206896551,0.0,0,1,0,False
60,M1,1.0,0.9929824561403509,0.0,0,1,0,False
61,M1,1.0,0.9873873873873874,0.0,0,1,0,False
62,M1,1.0,0.8761061946902655,0.0,0,1,0,False
63,M1,0.952755905511811,0.6459074733096085,0.047244094488188976,1,1,0,False
64,M1,1.0,0.9975669099756691,0.0,0,1,0,False
65,M1,1.0,0.9963636363636363,0.0,0,1,0,False
66,M1,1.0,0.9963369963369964,0.0,0,1,0,False
67,M1,1.0,0.8671875,0.0,0,1,0,False
68,M1,1.0,0.9783889980353635,0.0,0,1,0,False
69,M1,1.0,0.9911347517730497,0.0,0,1,0,False
70,M1,1.0,0.6807511737089202,0.0,0,1,0,False
71,M1,1.0,0.03364485981308411,0.0,0,1,0,False
72,M1,1.0,0.976,0.0,0,1,0,False
73,M1,1.0,0.9922178988326849,0.0,0,1,0,False
74,M1,0.9656565656565657,0.9317738791423001,0.03434343434343434,1,1,0,False
75,M1,1.0,0.9224137931034483,0.0,0,1,0,False
76,M1,1.0,0.9972527472527473,0.0,0,1,0,False
77,M1,1.0,0.997229916897507,0.0,0,1,0,False
78,M1,1.0,0.9826923076923076,0.0,0,1,0,False
79,M1,1.0,0.24812030075187969,0.0,0,1,0,False
80,M1,0.8661800486618005,0.8183908045977012,0.13381995133819952,2,1,0,False
81,M1,1.0,0.9900497512437811,0.0,0,1,0,False
82,M1,0.9473684210526315,0.13953488372093023,0.05263157894736842,0,1,0,False
83,M1,1.0,0.9871794871794872,0.0,0,1,0,False
84,M1,1.0,0.7809798270893372,0.0,0,1,0,False
85,M1,1.0,0.974304068522484,0.0,0,1,0,False
86,M1,1.0,0.8772241992882562,0.0,0,1,0,False
87,M1,1.0,0.9970414201183432,0.0,0,1,0,False
88,M1,1.0,0.9726277372262774,0.0,0,1,0,False
89,M1,0.9735449735449735,0.5242165242165242,0.026455026455026454,0,1,0,False
90,M1,1.0,0.8704883227176221,0.0,0,1,0,False
91,M1,1.0,0.9328358208955224,0.0,0,1,0,False
92,M1,1.0,0.8966131907308378,0.0,0,1,0,False
93,M1,1.0,0.998109640831758,0.0,0,1,0,False
94,M1,0.9117647058823529,0.992,0.08823529411764706,0,1,0,False
95,M1,1.0,0.9736842105263158,0.0,0,1,0,False
96,M1,0.0,0.0,1.0,1,1,0,False
97,M1,1.0,0.7710843373493976,0.0,0,1,0,False
98,M1,0.9920844327176781,0.9690721649484536,0.0079155672823219,0,1,0,False
99,M1,1.0,0.896551724137931,0.0,0,1,0,False
0,M2,0.0,0.0,1.0,1,3,2,False
1,M2,1.0,0.9939024390243902,0.0,0,4,3,False
2,M2,1.0,0.9874686716791979,0.0,0,5,4,False
3,M2,1.0,0.9982456140350877,0.0,0,3,2,False
4,M2,1.0,0.9964476021314387,0.0,0,3,2,False
5,M2,1.0,0.9960238568588469,0.0,0,7,6,False
6,M2,1.0,0.9819494584837545,0.0,0,7,6,False
7,M2,1.0,0.9154135338345865,0.0,0,4,3,False
8,M2,1.0,0.9082278481012658,0.0,0,3,2,False
9,M2,1.0,0.5184426229508197,0.0,0,4,3,False
10,M2,1.0,0.9929906542056075,0.0,0,8,7,False
11,M2,1.0,0.18125,0.0,0,3,2,False
12,M2,1.0,0.7594433399602386,0.0,0,3,2,False
13,M2,1.0,0.9928443649373881,0.0,0,4,3,False
14,M2,1.0,0.7702702702702703,0.0,0,3,2,False
15,M2,1.0,0.9876325088339223,0.0,0,12,11,False
16,M2,1.0,0.8128654970760234,0.0,0,5,4,False
17,M2,1.0,0.4171597633136095,0.0,0,3,2,False
18,M2,1.0,0.985655737704918,0.0,0,6,5,False
19,M2,1.0,0.6106194690265486,0.0,0,3,2,False
20,M2,1.0,0.9914529914529915,0.0,0,3,2,False
21,M2,1.0,0.9981949458483754,0.0,0,10,9,False
22,M2,1.0,0.9411764705882353,0.0,0,8,7,False
23,M2,1.0,0.8425720620842572,0.0,0,4,3,False
24,M2,1.0,0.9689119170984456,0.0,0,4,3,False
25,M2,1.0,0.891358024691358,0.0,0,4,3,False
26,M2,1.0,0.9788359788359788,0.0,0,9,8,False
27,M2,1.0,0.851138353765324,0.0,0,4,3,False
28,M2,1.0,0.9897435897435898,0.0,0,3,2,False
29,M2,1.0,0.9893617021276596,0.0,0,3,2,False
30,M2,1.0,0.8977072310405644,0.0,0,3,2,False
31,M2,0.0,0.0,0.0,0,1,0,False
32,M2,1.0,0.9978021978021978,0.0,0,4,3,False
33,M2,0.997920997920998,0.9430255402750491,0.002079002079002079,0,4,3,False
34,M2,1.0,0.32996632996632996,0.0,0,3,2,False
35,M2,1.0,0.8827751196172249,0.0,0,3,2,False
36,M2,1.0,0.8272251308900523,0.0,0,3,2,False
37,M2,0.0,0.0,1.0,1,2,1,False
38,M2,0.0,0.0,1.0,0,3,2,False
39,M2,1.0,0.8772455089820359,0.0,0,3,2,False
40,M2,1.0,0.8461538461538461,0.0,0,3,2,False
41,M2,1.0,0.9807073954983923,0.0,0,3,2,False
42,M2,0.5867446393762183,0.5433212996389891,0.41325536062378165,6,4,3,False
43,M2,1.0,0.9850746268656716,0.0,0,4,3,False
44,M2,1.0,0.9841269841269841,0.0,0,3,2,False
45,M2,1.0,0.9946666666666667,0.0,0,2,1,False
46,M2,1.0,0.987012987012987,0.0,0,3,2,False
47,M2,1.0,0.9928698752228164,0.0,0,7,6,False
48,M2,1.0,0.9886363636363636,0.0,0,3,2,False
49,M2,1.0,0.35517970401691334,0.0,0,3,2,False
50,M2,1.0,0.9946524064171123,0.0,0,7,6,False
51,M2,1.0,0.9966887417218543,0.0,0,2,1,False
52,M2,1.0,0.9939759036144579,0.0,0,4,3,False
53,M2,1.0,0.998220640569395,0.0,0,4,3,False
54,M2,0.8679245283018868,0.0954356846473029,0.1320754716981132,0,3,2,False
55,M2,1.0,0.9971751412429378,0.0,0,3,2,False
56,M2,1.0,0.79,0.0,0,4,3,False
57,M2,1.0,0.8272727272727273,0.0,0,7,6,False
58,M2,1.0,0.9873417721518988,0.0,0,3,2,False
59,M2,1.0,0.9827586206896551,0.0,0,3,2,False
60,M2,1.0,0.9964912280701754,0.0,0,4,3,False
61,M2,1.0,0.9747747747747748,0.0,0,3,2,False
62,M2,1.0,0.9982300884955753,0.0,0,5,4,False
63,M2,0.9435736677115988,0.5355871886120996,0.05642633228840126,1,2,1,False
64,M2,1.0,0.9975669099756691,0.0,0,3,2,False
65,M2,1.0,0.9963636363636363,0.0,0,9,8,False
66,M2,1.0,0.9963369963369964,0.0,0,3,2,False
67,M2,1.0,0.90625,0.0,0,3,2,False
68,M2,1.0,0.9724950884086444,0.0,0,5,4,False
69,M2,1.0,0.9875886524822695,0.0,0,7,6,False
70,M2,1.0,0.6713615023474179,0.0,0,3,2,False
71,M2,1.0,0.9981308411214953,0.0,0,4,3,False
72,M2,1.0,0.992,0.0,0,3,2,False
73,M2,1.0,0.9941634241245136,0.0,0,3,2,False
74,M2,0.5257731958762887,0.09941520467836257,0.4742268041237113,1,3,2,False
75,M2,1.0,0.9913793103448276,0.0,0,3,2,False
76,M2,1.0,0.9972527472527473,0.0,0,3,2,False
77,M2,1.0,0.997229916897507,0.0,0,5,4,False
78,M2,0.9959677419354839,0.95,0.004032258064516129,0,4,3,False
79,M2,1.0,0.24812030075187969,0.0,0,3,2,False
80,M2,0.7857142857142857,0.4804597701149425,0.21428571428571427,2,2,1,False
81,M2,1.0,0.9900497512437811,0.0,0,3,2,False
82,M2,0.9473684210526315,0.13953488372093023,0.05263157894736842,0,3,2,False
83,M2,1.0,0.9871794871794872,0.0,0,3,2,False
84,M2,1.0,0.7377521613832853,0.0,0,3,2,False
85,M2,1.0,0.9978586723768736,0.0,0,5,4,False
86,M2,1.0,0.8790035587188612,0.0,0,3,2,False
87,M2,1.0,0.9970414201183432,0.0,0,3,2,False
88,M2,1.0,0.8540145985401459,0.0,0,3,2,False
89,M2,0.8558139534883721,0.5242165242165242,0.14418604651162792,0,4,3,False
90,M2,1.0,0.8704883227176221,0.0,0,3,2,False
91,M2,1.0,0.9825870646766169,0.0,0,11,10,False
92,M2,1.0,0.9536541889483066,0.0,0,3,2,False
93,M2,1.0,0.998109640831758,0.0,0,4,3,False
94,M2,0.9117647058823529,0.992,0.08823529411764706,0,3,2,False
95,M2,1.0,0.9736842105263158,0.0,0,2,1,False
96,M2,0.0,0.0,1.0,1,2,1,False
97,M2,1.0,0.7349397590361446,0.0,0,3,2,False
98,M2,1.0,0.9768041237113402,0.0,0,8,7,False
99,M2,1.0,0.8729582577132486,0.0,0,3,2,False
0,M3,0.0,0.0,1.0,2,20,66,False
1,M3,1.0,0.9939024390243902,0.0,0,20,163,False
2,M3,0.9144254278728606,0.9373433583959899,0.08557457212713937,1,20,409,False
3,M3,1.0,0.9982456140350877,0.0,0,20,569,False
4,M3,1.0,0.9964476021314387,0.0,0,20,561,False
5,M3,1.0,0.9960238568588469,0.0,0,20,501,False
6,M3,1.0,0.9909747292418772,0.0,0,20,549,False
7,M3,1.0,0.9981203007518797,0.0,0,20,531,False
8,M3,1.0,0.990506329113924,0.0,0,20,313,False
9,M3,0.9255014326647565,0.6618852459016393,0.07449856733524356,1,20,349,True
10,M3,1.0,0.9976635514018691,0.0,0,20,427,False
11,M3,1.0,0.9875,0.0,0,20,316,False
12,M3,1.0,0.8330019880715706,0.0,0,20,419,False
13,M3,1.0,0.9964221824686941,0.0,0,20,557,False
14,M3,0.9980544747081712,0.9903474903474904,0.0019455252918287938,0,20,514,False
15,M3,1.0,0.9893992932862191,0.0,0,20,560,False
16,M3,1.0,0.9941520467836257,0.0,0,20,340,False
17,M3,1.0,0.4171597633136095,0.0,0,20,141,False
18,M3,1.0,0.9979508196721312,0.0,0,20,487,False
19,M3,1.0,0.8097345132743363,0.0,0,20,366,False
20,M3,1.0,0.9914529914529915,0.0,0,20,116,False
21,M3,1.0,0.9981949458483754,0.0,0,20,553,False
22,M3,0.9981308411214953,0.9518716577540107,0.001869158878504673,0,20,535,False
23,M3,1.0,0.8580931263858093,0.0,0,20,387,False
24,M3,1.0,0.9844559585492227,0.0,0,20,190,False
25,M3,1.0,0.9975308641975309,0.0,0,20,404,False
26,M3,1.0,0.9929453262786596,0.0,0,20,563,False
27,M3,1.0,0.851138353765324,0.0,0,20,486,False
28,M3,0.9323671497584541,0.9897435897435898,0.06763285024154589,0,20,207,False
29,M3,1.0,0.9893617021276596,0.0,0,20,93,False
30,M3,1.0,0.9929453262786596,0.0,0,20,563,False
31,M3,0.0,0.0,0.0,0,1,0,False
32,M3,1.0,0.9978021978021978,0.0,0,20,454,False
33,M3,0.9251012145748988,0.8978388998035364,0.07489878542510121,2,20,494,False
34,M3,1.0,0.8821548821548821,0.0,0,20,262,False
35,M3,1.0,0.8827751196172249,0.0,0,20,369,False
36,M3,1.0,0.9895287958115183,0.0,0,20,189,False
37,M3,0.0,0.0,1.0,1,18,17,False
38,M3,0.0,0.0,1.0,1,20,63,False
39,M3,1.0,0.9880239520958084,0.0,0,20,330,False
40,M3,0.8774193548387097,0.8717948717948718,0.12258064516129032,1,20,155,False
41,M3,0.965625,0.9935691318327974,0.034375,0,20,320,False
42,M3,0.5650557620817844,0.5487364620938628,0.4349442379182156,7,20,538,False
43,M3,1.0,0.9970149253731343,0.0,0,20,334,False
44,M3,1.0,0.9841269841269841,0.0,0,20,62,False
45,M3,1.0,0.9973333333333333,0.0,0,20,374,False
46,M3,1.0,0.987012987012987,0.0,0,20,76,False
47,M3,1.0,0.9946524064171123,0.0,0,20,558,False
48,M3,1.0,0.9981060606060606,0.0,0,20,527,False
49,M3,1.0,0.35517970401691334,0.0,0,20,168,False
50,M3,1.0,0.9946524064171123,0.0,0,20,558,False
51,M3,1.0,0.9966887417218543,0.0,0,20,301,False
52,M3,1.0,0.9939759036144579,0.0,0,20,165,False
53,M3,1.0,0.998220640569395,0.0,0,20,561,False
54,M3,0.8518518518518519,0.0954356846473029,0.14814814814814814,0,20,54,False
55,M3,1.0,0.9971751412429378,0.0,0,20,353,False
56,M3,1.0,0.99,0.0,0,20,99,False
57,M3,1.0,0.9945454545454545,0.0,0,20,547,False
58,M3,1.0,0.9873417721518988,0.0,0,20,78,False
59,M3,1.0,0.9827586206896551,0.0,0,20,57,False
60,M3,1.0,0.9964912280701754,0.0,0,20,284,False
61,M3,1.0,0.9963963963963964,0.0,0,20,553,False
62,M3,1.0,0.9982300884955753,0.0,0,20,564,False
63,M3,0.9462686567164179,0.5640569395017794,0.05373134328358209,1,20,335,False
64,M3,1.0,0.9975669099756691,0.0,0,20,410,False
65,M3,1.0,0.9981818181818182,0.0,0,20,549,False
66,M3,1.0,0.9981684981684982,0.0,0,20,545,False
67,M3,1.0,0.9921875,0.0,0,20,127,False
68,M3,1.0,0.9941060903732809,0.0,0,20,506,False
69,M3,1.0,0.9929078014184397,0.0,0,20,560,False
70,M3,1.0,0.9953051643192489,0.0,0,20,212,False
71,M3,1.0,0.9981308411214953,0.0,0,20,534,False
72,M3,1.0,0.996,0.0,0,20,249,False
73,M3,1.0,0.9980544747081712,0.0,0,20,513,False
74,M3,0.4112903225806452,0.09941520467836257,0.5887096774193549,2,20,124,False
75,M3,1.0,0.9913793103448276,0.0,0,20,115,False
76,M3,1.0,0.9972527472527473,0.0,0,20,363,False
77,M3,1.0,0.997229916897507,0.0,0,20,360,False
78,M3,1.0,0.9826923076923076,0.0,0,20,511,False
79,M3,1.0,0.3383458646616541,0.0,0,20,45,False
80,M3,0.58,0.2,0.42,2,20,150,False
81,M3,1.0,0.9900497512437811,0.0,0,20,199,False
82,M3,0.9473684210526315,0.13953488372093023,0.05263157894736842,0,20,57,False
83,M3,1.0,0.9974358974358974,0.0,0,20,389,False
84,M3,1.0,0.9942363112391931,0.0,0,20,345,False
85,M3,1.0,0.9978586723768736,0.0,0,20,466,False
86,M3,1.0,0.9928825622775801,0.0,0,20,558,False
87,M3,1.0,0.9970414201183432,0.0,0,20,337,False
88,M3,1.0,0.9927007299270073,0.0,0,20,544,False
89,M3,0.8558139534883721,0.5242165242165242,0.14418604651162792,0,20,215,False
90,M3,1.0,0.9957537154989384,0.0,0,20,469,False
91,M3,1.0,0.5,0.0,0,20,201,False
92,M3,1.0,0.9928698752228164,0.0,0,20,557,False
93,M3,1.0,0.998109640831758,0.0,0,20,528,False
94,M3,0.9117647058823529,0.992,0.08823529411764706,0,20,136,False
95,M3,1.0,0.9769736842105263,0.0,0,20,297,False
96,M3,0.0,0.0,1.0,1,20,21,False
97,M3,0.7553444180522565,0.9578313253012049,0.24465558194774348,3,20,421,False
98,M3,0.9923076923076923,0.9974226804123711,0.007692307692307693,0,20,390,False
99,M3,0.7437185929648241,0.26860254083484575,0.2562814070351759,2,20,199,False
