scope,method,baseline,tracking_rate,tracking_rate_lo,tracking_rate_hi,n,success,success_lo,success_hi,turn_lag,turn_lag_lo,turn_lag_hi,lost_events,lost_events_lo,lost_events_hi,recovery_rate,recovery_rate_lo,recovery_rate_hi,wrong_switches,wrong_switches_lo,wrong_switches_hi,person_collisions,person_collisions_lo,person_collisions_hi,personal_space_compliance,personal_space_compliance_lo,personal_space_compliance_hi
ALL,C1+P0,C0,0.01651960784313726,-0.00022058823529411245,0.034025245098039225,340,0.011764705882352941,-0.04411764705882353,0.06470588235294118,-0.3769247320726612,-0.7795098379390171,0.006345617790329343,-0.12058823529411765,-0.23529411764705882,-0.008823529411764706,0.035069444444444445,-0.06467447916666667,0.12753162202380955,-0.029411764705882353,-0.07352941176470588,0.0058823529411764705,0.047058823529411764,-0.026470588235294117,0.12058823529411765,-0.0075049019607843085,-0.020221200980392158,0.004554166666666674
ALL,C1+P1,C0,0.021926470588235294,0.005068504901960788,0.03950980392156863,340,0.011764705882352941,-0.03529411764705882,0.058823529411764705,-0.09609974098879435,-0.5355383929638737,0.3369037180973202,-0.04411764705882353,-0.16176470588235295,0.07352941176470588,0.07780045351473923,-0.011126417233560087,0.1667375283446712,-0.05588235294117647,-0.13529411764705881,-0.0058823529411764705,0.041176470588235294,-0.023529411764705882,0.10882352941176471,-0.008333333333333333,-0.02050502450980392,0.0028295343137255003
ALL,C1+P2,C0,0.012504901960784314,-0.006049877450980398,0.03085453431372549,340,0.0058823529411764705,-0.047058823529411764,0.05588235294117647,-0.04268213131378818,-0.4813596456756591,0.4099959220390065,-0.05588235294117647,-0.17647058823529413,0.061764705882352944,0.04218528995756718,-0.050890205091937764,0.13537099245638853,-0.03235294117647059,-0.06470588235294118,-0.0058823529411764705,0.020588235294117647,-0.05,0.08529411764705883,-0.016171568627450977,-0.029176838235294118,-0.0030484068627450954
T1,C1+P0,C0,0.0034333333333333295,-0.017735000000000004,0.025334166666666658,50,0.06,-0.06,0.2,-0.16393759018759027,-0.8039340512265514,0.45639380952380976,-0.08,-0.28,0.1,-0.25,-0.5,0.0,0.0,0.0,0.0,0.0,-0.06,0.06,0.0032666666666666777,-0.01150166666666666,0.018867500000000023
T1,C1+P1,C0,0.027199999999999988,0.0036658333333333187,0.04889999999999998,50,0.02,-0.08,0.12,-0.208965873015873,-0.8522517261904761,0.467558293650794,-0.02,-0.12,0.08,0.16666666666666669,-0.09999999999999998,0.6,0.0,0.0,0.0,0.06,-0.02,0.14,0.0012999999999999989,-0.009569166666666662,0.013467500000000004
T1,C1+P2,C0,0.020666666666666646,-0.009270000000000037,0.05033416666666664,50,0.08,-0.06,0.22,-0.31439285714285703,-1.025294107142857,0.35866285714285734,-0.12,-0.22,-0.04,-0.29166666666666663,-0.75,0.0,0.0,0.0,0.0,-0.02,-0.06,0.0,-0.005099999999999991,-0.035871666666666656,0.015167500000000035
T2,C1+P0,C0,0.018914728682170544,-0.025622093023255823,0.06628585271317831,43,0.046511627906976744,-0.13953488372093023,0.23255813953488372,0.04419250645994816,-1.3445101744186045,1.4327682724252495,-0.06976744186046512,-0.2558139534883721,0.09302325581395349,-0.4,-1.0,0.4,0.0,0.0,0.0,0.06976744186046512,0.0,0.16279069767441862,-0.003410852713178293,-0.02298546511627907,0.013218023255813952
T2,C1+P1,C0,0.020503875968992256,-0.027338178294573624,0.0730261627906977,43,0.046511627906976744,-0.11627906976744186,0.20930232558139536,0.24613325950535245,-1.0007360418973787,1.4525512412329278,-0.11627906976744186,-0.3023255813953488,0.046511627906976744,0.5,0.0,1.0,0.0,0.0,0.0,0.023255813953488372,0.0,0.06976744186046512,-0.00023255813953487877,-0.008140503875968983,0.010116279069767435
T2,C1+P2,C0,0.001550387596899222,-0.029536821705426368,0.035232558139534874,43,-0.06976744186046512,-0.23255813953488372,0.09302325581395349,0.5177196382428939,-0.549734634551495,1.5984262181616837,-0.046511627906976744,-0.23255813953488372,0.13953488372093023,0.0,0.0,0.0,0.0,0.0,0.0,0.11627906976744186,0.023255813953488372,0.2558139534883721,-0.003100775193798454,-0.012441860465116288,0.006976744186046478
T3,C1+P0,C0,-0.017653061224489792,-0.03142942176870747,-0.004284863945578232,49,-0.02040816326530612,-0.14285714285714285,0.10204081632653061,0.5624057539682538,0.20906324404761875,0.9630407986111107,0.0,-0.10204081632653061,0.10204081632653061,0.0,0.0,0.0,-0.10204081632653061,-0.30612244897959184,0.04081632653061224,-0.02040816326530612,-0.16326530612244897,0.12244897959183673,-0.004353741496598626,-0.010850340136054406,0.0015646258503401495
T3,C1+P1,C0,0.0037414965986394713,-0.012687074829931942,0.018129251700680287,49,-0.02040816326530612,-0.12244897959183673,0.08163265306122448,0.020580357142857036,-1.0559451884920634,1.1152728174603173,0.10204081632653061,-0.061224489795918366,0.32653061224489793,0.0,0.0,0.0,-0.24489795918367346,-0.6938775510204082,0.0,0.04081632653061224,-0.12244897959183673,0.24489795918367346,-0.0009523809523809336,-0.005612244897959166,0.003334183673469424
T3,C1+P2,C0,-0.020986394557823116,-0.04677210884353739,-0.001224489795918358,49,-0.061224489795918366,-0.16326530612244897,0.02040816326530612,0.4334102182539681,-0.4740407366071434,1.4887203621031746,0.22448979591836735,0.02040816326530612,0.4897959183673469,-0.14285714285714285,-0.42857142857142855,0.0,-0.08163265306122448,-0.20408163265306123,0.0,0.0,-0.16326530612244897,0.16326530612244897,-0.0027891156462584816,-0.006768707482993177,0.0008171768707483301
T4,C1+P0,C0,0.022300000000000004,-0.01753583333333334,0.06266666666666668,50,-0.04,-0.18,0.1,-0.38501486291486303,-1.1859204581529583,0.35510013167388205,-0.42,-0.7,-0.16,0.03333333333333333,-0.16666666666666666,0.22341666666666699,-0.1,-0.34,0.08,0.14,-0.08,0.36,0.004666666666666676,-0.019833333333333328,0.02963416666666669
T4,C1+P1,C0,-0.009733333333333333,-0.05140250000000001,0.03367416666666669,50,-0.04,-0.16,0.06,0.3945189754689754,-0.4016476785714286,1.2815172889610391,-0.3,-0.66,0.06,0.03888888888888889,-0.07791666666666662,0.1778472222222225,-0.14,-0.36,0.0,-0.04,-0.22,0.12,0.0017666666666666785,-0.028769166666666658,0.03390250000000003
T4,C1+P2,C0,-0.002466666666666666,-0.03806916666666666,0.034600000000000006,50,-0.04,-0.14,0.06,0.19079033189033187,-0.5203761598124098,0.9728957251082258,-0.28,-0.58,0.02,0.09999999999999999,-0.14705882352941177,0.33529411764705885,-0.14,-0.34,-0.02,0.02,-0.14,0.18,-0.02203333333333332,-0.06133499999999999,0.01613666666666669
T5,C1+P0,C0,-0.012333333333333333,-0.03770166666666666,0.013533333333333335,50,0.04,-0.1,0.16050000000000184,0.4035943001443001,-0.3741148719336219,1.0523714754689757,-0.12,-0.24,0.0,0.0,0.0,0.0,0.0,0.0,0.0,0.0,-0.12,0.1,0.0013999999999999991,-0.004801666666666679,0.0077666666666666535
T5,C1+P1,C0,0.01286666666666667,-0.014400833333333335,0.04126833333333334,50,0.04,-0.08,0.16,0.34162015762015757,-0.3872344372294373,1.0076927124264625,0.12,-0.1,0.36,-0.125,-0.75,0.375,0.0,0.0,0.0,0.04,-0.08,0.16,-0.01383333333333334,-0.02960000000000002,-0.00010000000000001558
T5,C1+P2,C0,0.0208,-0.005037500000000014,0.05033333333333335,50,0.12,0.0,0.24,-0.3920255799755801,-1.1285448629148633,0.22264997904872919,0.06,-0.16,0.3,0.125,0.0,0.375,0.0,0.0,0.0,0.08,-0.06,0.22,-0.014433333333333338,-0.031401666666666675,-0.0001324999999999956
T6,C1+P0,C0,0.08371527777777778,0.006872395833333331,0.16208680555555557,48,-0.08333333333333333,-0.25,0.08333333333333333,-3.1356882064694567,-4.739122495415464,-1.6576238219246024,0.20833333333333334,-0.3541666666666667,0.7708333333333334,0.08650793650793652,-0.07811933106575963,0.24525226757369623,0.0,0.0,0.0,0.25,-0.020833333333333332,0.5208333333333334,-0.058229166666666665,-0.1311484375,0.014866319444444468
T6,C1+P1,C0,0.06996527777777777,-0.007410590277777781,0.15094270833333337,48,-0.020833333333333332,-0.1875,0.14583333333333334,-1.2989991085303583,-3.181114944228226,0.49771072706228975,-0.08333333333333333,-0.625,0.4583333333333333,0.10625692137320043,-0.02056201550387597,0.2388233665559247,0.0,0.0,0.0,0.10416666666666667,-0.125,0.3541666666666667,-0.04378472222222222,-0.10972222222222222,0.019792534722222248
T6,C1+P2,C0,0.037604166666666654,-0.06281597222222222,0.13552256944444446,48,-0.125,-0.2916666666666667,0.041666666666666664,-0.9430920063732563,-2.9544574521254203,1.0105180149711412,-0.020833333333333332,-0.5625,0.5625,0.025243506493506488,-0.1325277326839827,0.17462594696969702,0.0,0.0,0.0,0.125,-0.14583333333333334,0.4166666666666667,-0.05739583333333333,-0.12431423611111111,0.008092013888888912
T7,C1+P0,C0,0.019600000000000017,-0.02797416666666665,0.06834583333333337,50,0.08,-0.06,0.24,0.030298533665880534,-0.81180936948539,0.891822341490709,-0.34,-0.68,0.0,0.08666666666666667,-0.1358958333333333,0.3125625000000003,0.0,0.0,0.0,-0.1,-0.42,0.18,0.0027333333333333255,-0.027567499999999995,0.0307741666666667
T7,C1+P1,C0,0.03030000000000002,-0.02210083333333333,0.08270583333333335,50,0.06,-0.06,0.2,-0.16448990918378692,-1.2793182315133846,1.1975178037665284,-0.02,-0.32,0.28,0.02361111111111112,-0.20486111111111108,0.25277777777777777,0.0,0.0,0.0,0.06,-0.2,0.32,-0.002733333333333354,-0.03153583333333337,0.025200833333333304
T7,C1+P2,C0,0.029166666666666674,-0.017834166666666654,0.0796,50,0.12,-0.02,0.26,0.2766862502576787,-0.8094955277149156,1.6671617206489653,-0.2,-0.58,0.16,0.15583333333333332,-0.026666666666666655,0.3308541666666668,0.0,0.0,0.0,-0.16,-0.42,0.04,-0.007900000000000004,-0.03683416666666668,0.019700000000000006
