tracking_rate,person_collisions,personal_space_compliance,min_dist_other,min_dist_target,obstacle_collisions,lost_events,recovery_rate,recovery_time,wrong_switches,wrong_frac,following_at_end,success,smoothness,turn_lag,n_turns,n_swaps_injected,error,experiment,method,scenario,seed,wall_s
0.94,0.0,1.0,,0.5225487422038725,0.0,0.0,,,0.0,0.0,True,True,0.1997148997876489,2.45,4.0,0.0,,tune_delta,d=0.0,T1,0,3.3925681114196777
1.0,0.0,1.0,,1.1727527365503536,0.0,0.0,,,0.0,0.0,True,True,0.1700651773864809,0.0,3.0,0.0,,tune_delta,d=0.0,T1,1,2.5317916870117188
0.9216666666666666,0.0,1.0,,0.4699999999999994,0.0,0.0,,,0.0,0.0,True,True,0.15382459296180165,1.3800000000000001,5.0,0.0,,tune_delta,d=0.0,T1,2,3.507322072982788
0.9316666666666666,0.0,1.0,2.0102711067001313,0.47627861063580923,0.0,0.0,,,0.0,0.0,True,True,0.22829374044291204,2.0200000000000005,5.0,0.0,,tune_delta,d=0.0,T1,3,2.640794038772583
0.675,0.0,0.9316666666666666,0.4699999999999999,0.4699999999999998,0.0,2.0,1.0,8.15,0.0,0.0,True,False,0.15241973758203983,4.366666666666667,6.0,1.0,,tune_delta,d=0.0,T1,4,3.3482258319854736
0.915,0.0,0.9933333333333333,0.47,0.4896864283713674,0.0,0.0,,,0.0,0.0,True,True,0.21470452592911557,2.0200000000000005,5.0,0.0,,tune_delta,d=0.0,T1,5,2.690995931625366
0.7166666666666667,0.0,1.0,,0.4906415317163899,0.0,0.0,,,0.0,0.0,True,False,0.28723259936703915,8.200000000000001,2.0,0.0,,tune_delta,d=0.0,T1,6,3.588616371154785
1.0,0.0,1.0,,1.0846550303686504,0.0,0.0,,,0.0,0.0,True,True,0.23920198487539304,0.0,2.0,0.0,,tune_delta,d=0.0,T1,7,2.574083089828491
0.9283333333333333,0.0,1.0,,0.4824950088801799,0.0,0.0,,,0.0,0.0,True,True,0.2731291154664605,2.566666666666667,3.0,0.0,,tune_delta,d=0.0,T1,8,3.2697641849517822
0.8766666666666667,0.0,1.0,7.739325914785636,0.48934411867349814,0.0,0.0,,,0.0,0.0,True,True,0.2658274926019659,4.666666666666667,3.0,0.0,,tune_delta,d=0.0,T1,9,2.4357941150665283
0.9216666666666666,0.0,1.0,3.6053209098033348,0.4868524571685622,0.0,0.0,,,0.0,0.0,True,True,0.25383082235984056,2.6500000000000004,4.0,0.0,,tune_delta,d=0.0,T1,10,3.4440839290618896
1.0,0.0,0.985,0.4700000000000003,1.068372625950983,0.0,0.0,,,0.0,0.0,True,True,0.20902568851958417,0.0,2.0,1.0,,tune_delta,d=0.0,T1,11,2.5979549884796143
0.905,0.0,1.0,,0.47060831672554915,0.0,0.0,,,0.0,0.0,True,True,0.18166228874609117,2.5,4.0,0.0,,tune_delta,d=0.0,T1,12,3.3767011165618896
0.97,0.0,1.0,,0.47726970498220894,0.0,0.0,,,0.0,0.0,True,True,0.16456483715807624,1.0,3.0,0.0,,tune_delta,d=0.0,T1,13,2.4232943058013916
1.0,0.0,1.0,,1.1078833207166987,0.0,0.0,,,0.0,0.0,True,True,0.30283518527371084,0.0,1.0,0.0,,tune_delta,d=0.0,T1,14,3.391425848007202
0.7483333333333333,0.0,1.0,,0.4699999999999992,0.0,0.0,,,0.0,0.0,True,False,0.17855210748504963,3.6375,8.0,0.0,,tune_delta,d=0.0,T1,15,2.5459630489349365
0.91,1.0,0.9066666666666666,0.4699999999999997,0.4828221762695844,0.0,1.0,1.0,4.4,0.0,0.0,True,False,0.2352858716022069,1.675,4.0,0.0,,tune_delta,d=0.0,T1,16,2.673491954803467
0.8483333333333334,0.0,1.0,,0.4700000000000002,0.0,0.0,,,0.0,0.0,True,True,0.1531798111175906,5.875000000000001,4.0,0.0,,tune_delta,d=0.0,T1,17,2.5207650661468506
0.86,0.0,1.0,3.249483318341897,0.47000000000000036,0.0,0.0,,,0.0,0.0,True,True,0.17002578936190313,3.8,7.0,0.0,,tune_delta,d=0.0,T1,18,2.5628061294555664
1.0,0.0,1.0,,1.0321201477122672,0.0,0.0,,,0.0,0.0,True,True,0.15099189194717047,0.0,4.0,0.0,,tune_delta,d=0.0,T1,19,2.578927755355835
1.0,0.0,1.0,0.5318565563046639,1.0905580004348607,0.0,0.0,,,0.0,0.0,True,True,0.23105272533470686,0.0,2.0,0.0,,tune_delta,d=0.0,T1,20,2.4506170749664307
1.0,0.0,1.0,,1.3627680156721529,0.0,0.0,,,0.0,0.0,True,True,0.1483470413800827,0.0,2.0,0.0,,tune_delta,d=0.0,T1,21,2.5867810249328613
1.0,0.0,1.0,9.81912318752292,1.1201841483865986,0.0,0.0,,,0.0,0.0,True,True,0.1584043576912205,0.0,2.0,0.0,,tune_delta,d=0.0,T1,22,2.4305667877197266
0.845,0.0,1.0,,0.4908754950699011,0.0,0.0,,,0.0,0.0,True,True,0.24953512836281674,5.12,5.0,0.0,,tune_delta,d=0.0,T1,23,2.734363317489624
0.925,0.0,1.0,,0.482888406758052,0.0,0.0,,,0.0,0.0,True,True,0.1622222067815423,1.9666666666666668,3.0,0.0,,tune_delta,d=0.0,T1,24,2.517951250076294
1.0,0.0,0.97,0.46999999999999925,1.3956850300377242,0.0,0.0,,,0.0,0.0,True,True,0.1264923626210107,0.0,3.0,1.0,,tune_delta,d=0.0,T1,25,2.6606180667877197
1.0,0.0,1.0,,1.1482961096720086,0.0,0.0,,,0.0,0.0,True,True,0.24456897428066213,0.0,1.0,0.0,,tune_delta,d=0.0,T1,26,2.5796661376953125
0.7716666666666666,1.0,0.9083333333333333,0.4699999999999994,0.4700000000000004,0.0,2.0,0.5,1.9000000000000001,0.0,0.0,True,False,0.1697004652719953,1.9222222222222223,9.0,0.0,,tune_delta,d=0.0,T1,27,2.4948580265045166
0.835,0.0,1.0,,0.49031585442800735,0.0,0.0,,,0.0,0.0,True,True,0.2687521633148748,6.925000000000001,4.0,0.0,,tune_delta,d=0.0,T1,28,2.4556427001953125
0.83,0.0,0.9683333333333334,0.47000000000000003,0.4700000000000004,0.0,3.0,0.3333333333333333,1.3,0.0,0.0,False,False,0.1807211322995118,2.675,4.0,5.0,,tune_delta,d=0.0,T1,29,2.6330816745758057
,,,,,,,,,,,,,,,,,RuntimeError('T2 seed 0: T2 placement failed'),tune_delta,d=0.0,T2,0,0.5169947147369385
0.7883333333333333,1.0,0.8966666666666666,0.46999999999999925,0.46999999999999953,0.0,1.0,1.0,1.7000000000000002,0.0,0.0,True,False,0.19544859676443913,2.8333333333333335,6.0,0.0,,tune_delta,d=0.0,T2,1,2.770813226699829
0.82,0.0,1.0,,0.4700000000000004,0.0,0.0,,,0.0,0.0,True,True,0.15635819355216246,4.233333333333334,6.0,0.0,,tune_delta,d=0.0,T2,2,2.6955199241638184
0.925,0.0,1.0,0.9105799199732982,0.4842922459370573,0.0,0.0,,,0.0,0.0,True,True,0.234179775937786,1.8,5.0,0.0,,tune_delta,d=0.0,T2,3,3.098583221435547
0.825,0.0,1.0,1.5328004810906386,0.46999999999999964,0.0,0.0,,,0.0,0.0,True,True,0.16889414405292527,4.042857142857143,7.0,0.0,,tune_delta,d=0.0,T2,4,2.890058994293213
0.7933333333333333,0.0,1.0,1.9266020441930845,0.47377355439367563,0.0,0.0,,,0.0,0.0,True,False,0.23691949799987744,3.2800000000000002,5.0,0.0,,tune_delta,d=0.0,T2,5,3.1760129928588867
0.8233333333333334,0.0,0.8716666666666667,0.4700000000000001,0.5034049549928626,0.0,1.0,1.0,4.800000000000001,0.0,0.0,True,True,0.22282837410918646,3.825,4.0,0.0,,tune_delta,d=0.0,T2,6,2.9053311347961426
0.52,1.0,1.0,5.912051788883378,0.4699999999999998,0.0,1.0,1.0,2.2,0.0,0.0,True,False,0.22574204853061342,13.075000000000001,4.0,0.0,,tune_delta,d=0.0,T2,7,3.1380362510681152
1.0,0.0,1.0,,1.1304141334755922,0.0,0.0,,,0.0,0.0,True,True,0.2323107439519396,0.0,1.0,0.0,,tune_delta,d=0.0,T2,8,3.0708277225494385
0.8733333333333333,0.0,1.0,3.127506991709495,0.4810153049206167,0.0,0.0,,,0.0,0.0,True,True,0.24367868708853554,2.6500000000000004,4.0,0.0,,tune_delta,d=0.0,T2,9,3.135087013244629
0.8333333333333334,0.0,1.0,,0.49283625602410247,0.0,0.0,,,0.0,0.0,True,True,0.25679605800172417,4.166666666666667,3.0,0.0,,tune_delta,d=0.0,T2,10,2.8607020378112793
0.6666666666666666,0.0,1.0,,0.48654542931776723,0.0,0.0,,,0.0,0.0,True,False,0.1784371657309943,4.383333333333334,6.0,0.0,,tune_delta,d=0.0,T2,11,3.011061668395996
,,,,,,,,,,,,,,,,,RuntimeError('T2 seed 12: T2 placement failed'),tune_delta,d=0.0,T2,12,0.3461723327636719
0.8916666666666667,0.0,0.9233333333333333,0.46999999999999914,0.46999999999999914,0.0,0.0,,,0.0,0.0,True,True,0.23393468036497245,4.1000000000000005,4.0,0.0,,tune_delta,d=0.0,T2,13,3.088425874710083
0.8916666666666667,0.0,1.0,,0.5245157598832099,0.0,0.0,,,0.0,0.0,True,True,0.25565754989812906,2.825,4.0,0.0,,tune_delta,d=0.0,T2,14,2.836090087890625
0.9233333333333333,0.0,1.0,,0.46999999999999986,0.0,0.0,,,0.0,0.0,True,True,0.16928672184508714,1.7400000000000002,5.0,0.0,,tune_delta,d=0.0,T2,15,3.0499091148376465
,,,,,,,,,,,,,,,,,RuntimeError('T2 seed 16: T2 placement failed'),tune_delta,d=0.0,T2,16,0.1448502540588379
0.7283333333333334,0.0,1.0,,0.4699999999999996,0.0,0.0,,,0.0,0.0,True,False,0.1841806247361123,5.225,4.0,0.0,,tune_delta,d=0.0,T2,17,2.851093053817749
,,,,,,,,,,,,,,,,,RuntimeError('T2 seed 18: T2 placement failed'),tune_delta,d=0.0,T2,18,0.4415409564971924
,,,,,,,,,,,,,,,,,RuntimeError('T2 seed 19: T2 placement failed'),tune_delta,d=0.0,T2,19,0.29762887954711914
0.8283333333333334,0.0,1.0,,0.46999999999999836,0.0,0.0,,,0.0,0.0,True,True,0.20817254283574382,6.9,4.0,0.0,,tune_delta,d=0.0,T2,20,3.1094298362731934
0.8633333333333333,0.0,1.0,,0.46999999999999953,0.0,0.0,,,0.0,0.0,True,True,0.1787895204934434,2.4250000000000003,8.0,0.0,,tune_delta,d=0.0,T2,21,3.296844959259033
0.43,0.0,0.9316666666666666,0.4699999999999996,1.161348415955486,0.0,2.0,0.0,,0.0,0.0,False,False,0.042364827722326207,3.5,3.0,0.0,,tune_delta,d=0.0,T2,22,1.9513616561889648
,,,,,,,,,,,,,,,,,RuntimeError('T2 seed 23: T2 placement failed'),tune_delta,d=0.0,T2,23,0.3311460018157959
0.7366666666666667,0.0,1.0,3.1521725321428353,0.47,0.0,0.0,,,0.0,0.0,True,False,0.19785354286812895,4.2444444444444445,9.0,0.0,,tune_delta,d=0.0,T2,24,3.320892095565796
0.6933333333333334,0.0,0.8983333333333333,0.4699999999999995,0.47000000000000064,0.0,0.0,,,0.0,0.0,True,False,0.16128272094161228,2.9000000000000004,9.0,0.0,,tune_delta,d=0.0,T2,25,4.012053966522217
,,,,,,,,,,,,,,,,,RuntimeError('T2 seed 26: T2 placement failed'),tune_delta,d=0.0,T2,26,0.11005520820617676
,,,,,,,,,,,,,,,,,RuntimeError('T2 seed 27: T2 placement failed'),tune_delta,d=0.0,T2,27,0.16551709175109863
0.7466666666666667,0.0,1.0,,0.48221784095277714,0.0,0.0,,,0.0,0.0,True,False,0.2660372412109351,9.066666666666668,3.0,0.0,,tune_delta,d=0.0,T2,28,3.1732122898101807
0.7783333333333333,0.0,0.995,0.4700000000000003,0.46999999999999964,0.0,0.0,,,0.0,0.0,True,False,0.22454833912855862,4.344444444444445,9.0,5.0,,tune_delta,d=0.0,T2,29,3.4705750942230225
0.9366666666666666,0.0,1.0,2.7594742922148576,0.6672564924447655,0.0,0.0,,,0.0,0.0,True,True,0.19774142362877822,2.3666666666666667,3.0,0.0,,tune_delta,d=0.0,T7,0,3.2883408069610596
0.78,0.0,0.905,0.46999999999999975,0.47,0.0,2.0,1.0,1.9000000000000001,0.0,0.0,True,False,0.17691382587591575,3.1571428571428575,7.0,0.0,,tune_delta,d=0.0,T7,1,3.7142529487609863
0.915,0.0,0.845,0.4699999999999994,0.46999999999999964,0.0,0.0,,,0.0,0.0,True,True,0.13483447121191466,2.575,4.0,2.0,,tune_delta,d=0.0,T7,2,3.3529112339019775
0.77,0.0,1.0,,0.46999999999999953,0.0,0.0,,,0.0,0.0,True,False,0.21623316986147206,5.15,6.0,0.0,,tune_delta,d=0.0,T7,3,3.3934831619262695
0.5633333333333334,0.0,0.9116666666666666,0.4699999999999994,0.4699999999999999,0.0,0.0,,,0.0,0.0,True,False,0.19737300959044746,8.981818181818182,11.0,2.0,,tune_delta,d=0.0,T7,4,3.523530960083008
0.7083333333333334,0.0,1.0,0.9824667183454764,0.47593402754212666,0.0,0.0,,,0.0,0.0,True,False,0.237402423036323,6.35,4.0,0.0,,tune_delta,d=0.0,T7,5,3.621143102645874
0.86,0.0,1.0,6.672720015050522,0.512149032010115,0.0,0.0,,,0.0,0.0,True,True,0.26928241630157745,4.9,2.0,0.0,,tune_delta,d=0.0,T7,6,3.3480989933013916
0.915,0.0,1.0,,0.7626059680862965,0.0,0.0,,,0.0,0.0,True,True,0.20523804669443957,3.3000000000000003,2.0,0.0,,tune_delta,d=0.0,T7,7,3.431851863861084
0.8983333333333333,0.0,1.0,0.6344020454366491,0.4834503067223052,0.0,0.0,,,0.0,0.0,True,True,0.21997072957040492,5.833333333333333,3.0,0.0,,tune_delta,d=0.0,T7,8,3.4768970012664795
0.79,1.0,0.825,0.46999999999999903,0.46999999999999953,0.0,2.0,0.5,4.9,0.0,0.0,False,False,0.17737382417905767,3.22,5.0,0.0,,tune_delta,d=0.0,T7,9,3.1002237796783447
0.8716666666666667,2.0,0.9283333333333333,0.46999999999999925,0.49293854287849276,0.0,1.0,1.0,2.5,0.0,0.0,True,False,0.21402815964170066,2.8857142857142857,7.0,1.0,,tune_delta,d=0.0,T7,10,3.3983559608459473
0.9366666666666666,0.0,0.9883333333333333,0.4744677421390189,0.5331583641991278,0.0,0.0,,,0.0,0.0,True,True,0.23237108730899642,1.225,4.0,1.0,,tune_delta,d=0.0,T7,11,3.5888750553131104
0.4,0.0,0.6133333333333333,0.4699999999999996,0.48112659440780153,0.0,2.0,0.5,13.600000000000001,0.0,0.0,False,False,0.10916902385750234,9.2375,8.0,2.0,,tune_delta,d=0.0,T7,12,3.1437807083129883
1.0,0.0,0.9966666666666667,0.47041656086027495,1.0710441400247435,0.0,0.0,,,0.0,0.0,True,True,0.18190365837308964,0.0,2.0,0.0,,tune_delta,d=0.0,T7,13,3.631171226501465
1.0,0.0,0.9933333333333333,0.46999999999999953,1.0140063542254278,0.0,0.0,,,0.0,0.0,True,True,0.289898144673725,0.0,2.0,2.0,,tune_delta,d=0.0,T7,14,3.4146549701690674
0.87,0.0,0.9516666666666667,0.4699999999999998,0.5008854222290342,0.0,0.0,,,0.0,0.0,True,True,0.17868688338574173,2.242857142857143,7.0,0.0,,tune_delta,d=0.0,T7,15,3.799156904220581
0.9066666666666666,0.0,0.965,0.4700000000000002,0.4958456742083401,0.0,1.0,1.0,2.4000000000000004,0.0,0.0,True,True,0.22202680693584767,2.9400000000000004,5.0,0.0,,tune_delta,d=0.0,T7,16,3.7286479473114014
0.82,0.0,0.9716666666666667,0.4699999999999997,0.46999999999999964,0.0,0.0,,,0.0,0.0,True,True,0.14174638877195536,3.5400000000000005,5.0,0.0,,tune_delta,d=0.0,T7,17,3.589776039123535
0.925,1.0,0.9533333333333334,0.46999999999999986,1.1222626935269855,0.0,1.0,1.0,2.3000000000000003,0.0,0.0,True,False,0.16756142989698067,0.0,3.0,0.0,,tune_delta,d=0.0,T7,18,3.4284441471099854
0.7916666666666666,2.0,0.9233333333333333,0.4309323008571925,0.46999999999999953,0.0,0.0,,,0.0,0.0,True,False,0.1582092134433078,3.2928571428571436,14.0,3.0,,tune_delta,d=0.0,T7,19,3.903459072113037
0.6416666666666667,0.0,0.95,0.4699999999999994,0.46999999999999936,0.0,2.0,1.0,1.5500000000000003,0.0,0.0,True,False,0.21715189654439507,8.333333333333334,9.0,3.0,,tune_delta,d=0.0,T7,20,3.5147390365600586
0.43333333333333335,0.0,1.0,,0.7761907502546079,0.0,1.0,0.0,,0.0,0.0,False,False,0.06001740518607151,9.580000000000002,5.0,0.0,,tune_delta,d=0.0,T7,21,2.6287498474121094
0.26166666666666666,0.0,0.9933333333333333,0.46999999999999975,0.5050228454105614,0.0,1.0,0.0,,0.0,0.0,False,False,0.06206834781194904,12.633333333333333,6.0,2.0,,tune_delta,d=0.0,T7,22,2.5829713344573975
0.695,0.0,0.8866666666666667,0.46999999999999936,0.5109264086035643,0.0,2.0,0.5,1.4000000000000001,0.0,0.0,False,False,0.2219456144109316,2.992307692307693,13.0,6.0,,tune_delta,d=0.0,T7,23,3.6367201805114746
0.9016666666666666,0.0,1.0,4.029247897284811,0.47447814847986314,0.0,0.0,,,0.0,0.0,True,True,0.15948546495838195,2.8000000000000003,4.0,0.0,,tune_delta,d=0.0,T7,24,3.280653715133667
0.8316666666666667,2.0,0.965,0.4699999999999995,0.4750235206161328,0.0,1.0,1.0,2.9000000000000004,0.0,0.0,True,False,0.168635388853794,1.866666666666667,6.0,1.0,,tune_delta,d=0.0,T7,25,3.8500468730926514
1.0,0.0,0.9833333333333333,0.4699999999999999,1.3127506122864665,0.0,1.0,1.0,1.9000000000000001,0.0,0.0,True,True,0.2481392532818957,0.0,5.0,0.0,,tune_delta,d=0.0,T7,26,3.6375889778137207
0.7133333333333334,1.0,0.7033333333333334,0.46999999999999925,0.47000000000000025,0.0,3.0,1.0,2.966666666666667,0.0,0.0,True,False,0.20577966584364002,4.3090909090909095,11.0,1.0,,tune_delta,d=0.0,T7,27,3.562535285949707
0.8966666666666666,0.0,1.0,1.2624117138442983,0.4867565531240662,0.0,0.0,,,0.0,0.0,True,True,0.2728072894247422,3.62,5.0,0.0,,tune_delta,d=0.0,T7,28,3.8218741416931152
0.8266666666666667,0.0,1.0,,0.46999999999999986,0.0,0.0,,,0.0,0.0,True,True,0.20664349865441922,5.95,2.0,0.0,,tune_delta,d=0.0,T7,29,3.229109048843384
0.925,0.0,1.0,,0.4917408009758615,0.0,0.0,,,0.0,0.0,True,True,0.1390101399768992,2.8000000000000003,4.0,0.0,,tune_delta,d=0.5,T1,0,3.3159430027008057
1.0,0.0,1.0,,1.1770568382661946,0.0,0.0,,,0.0,0.0,True,True,0.14179999035241667,0.0,3.0,0.0,,tune_delta,d=0.5,T1,1,3.476393938064575
0.9266666666666666,0.0,1.0,,0.4699999999999992,0.0,0.0,,,0.0,0.0,True,True,0.10295131851037945,1.9000000000000001,4.0,0.0,,tune_delta,d=0.5,T1,2,3.3610570430755615
0.895,0.0,1.0,1.7784125726272002,0.4885724746507903,0.0,0.0,,,0.0,0.0,True,True,0.17433598451588744,1.8750000000000002,4.0,0.0,,tune_delta,d=0.5,T1,3,3.4458658695220947
0.7866666666666666,0.0,0.8983333333333333,0.4699999999999997,0.46999999999999986,0.0,2.0,1.0,1.9000000000000004,0.0,0.0,True,False,0.15572520991783,3.036363636363636,11.0,4.0,,tune_delta,d=0.5,T1,4,3.4604930877685547
0.87,0.0,0.9716666666666667,0.4699999999999996,0.47000000000000014,0.0,0.0,,,0.0,0.0,True,True,0.15100156092933534,3.233333333333334,6.0,0.0,,tune_delta,d=0.5,T1,5,3.5352721214294434
0.65,0.0,1.0,,0.48867133864607704,0.0,0.0,,,0.0,0.0,True,False,0.18755252945715067,8.066666666666668,3.0,0.0,,tune_delta,d=0.5,T1,6,3.291949987411499
1.0,0.0,1.0,,1.1009747651239643,0.0,0.0,,,0.0,0.0,True,True,0.2061756398895049,0.0,2.0,0.0,,tune_delta,d=0.5,T1,7,3.3992156982421875
0.925,0.0,1.0,,0.4883378088734912,0.0,0.0,,,0.0,0.0,True,True,0.1783792027153476,2.675,4.0,0.0,,tune_delta,d=0.5,T1,8,3.5391182899475098
0.8516666666666667,0.0,1.0,7.641911374763799,0.49449907011696426,0.0,0.0,,,0.0,0.0,True,True,0.17680927166105556,4.7250000000000005,4.0,0.0,,tune_delta,d=0.5,T1,9,3.5053908824920654
0.8766666666666667,0.0,1.0,3.5421654692956115,0.48538760186670665,0.0,0.0,,,0.0,0.0,True,True,0.19302595378564533,4.525,4.0,0.0,,tune_delta,d=0.5,T1,10,3.5023138523101807
1.0,0.0,0.995,0.4700000000000009,1.1389136296814624,0.0,0.0,,,0.0,0.0,True,True,0.1504376799451025,0.0,2.0,1.0,,tune_delta,d=0.5,T1,11,3.4947378635406494
0.91,0.0,1.0,,0.4700000000000004,0.0,0.0,,,0.0,0.0,True,True,0.1331542814868722,2.625,4.0,0.0,,tune_delta,d=0.5,T1,12,3.5777852535247803
0.9633333333333334,0.0,1.0,,0.47000000000000053,0.0,0.0,,,0.0,0.0,True,True,0.10799964106114861,1.0,3.0,0.0,,tune_delta,d=0.5,T1,13,3.6795403957366943
0.98,0.0,1.0,,0.9404442588584169,0.0,0.0,,,0.0,0.0,True,True,0.14485672845204403,3.3000000000000003,1.0,0.0,,tune_delta,d=0.5,T1,14,3.5231270790100098
0.765,0.0,1.0,,0.46999999999999986,0.0,0.0,,,0.0,0.0,True,False,0.14724375119827623,4.65,8.0,0.0,,tune_delta,d=0.5,T1,15,3.565157890319824
0.9433333333333334,0.0,0.9083333333333333,0.4699999999999996,0.4700000000000008,0.0,1.0,1.0,6.0,0.0,0.0,True,True,0.15085186261218753,1.4400000000000002,5.0,0.0,,tune_delta,d=0.5,T1,16,3.6783881187438965
0.8033333333333333,0.0,1.0,,0.4700000000000005,0.0,0.0,,,0.0,0.0,True,True,0.10576264918982409,4.9,3.0,0.0,,tune_delta,d=0.5,T1,17,3.497501850128174
0.9133333333333333,0.0,1.0,2.2176075168392884,0.46999999999999986,0.0,1.0,1.0,1.3,0.0,0.0,True,True,0.13744688779318068,1.85,4.0,0.0,,tune_delta,d=0.5,T1,18,3.6996188163757324
0.96,0.0,1.0,,0.7710822296277527,0.0,0.0,,,0.0,0.0,True,True,0.11817989541218307,1.15,4.0,0.0,,tune_delta,d=0.5,T1,19,3.4554202556610107
1.0,0.0,0.9783333333333334,0.46999999999999986,1.116228340913037,0.0,0.0,,,0.0,0.0,True,True,0.12259063645042943,0.0,2.0,0.0,,tune_delta,d=0.5,T1,20,3.8486061096191406
1.0,0.0,1.0,,1.231323502443799,0.0,0.0,,,0.0,0.0,True,True,0.0978236522451295,0.0,2.0,0.0,,tune_delta,d=0.5,T1,21,3.478740930557251
1.0,0.0,1.0,9.941429255729531,1.0809595184791436,0.0,0.0,,,0.0,0.0,True,True,0.10052898120347238,0.0,2.0,0.0,,tune_delta,d=0.5,T1,22,3.7976059913635254
0.8716666666666667,0.0,1.0,,0.47796390227660007,0.0,0.0,,,0.0,0.0,True,True,0.18183970062507288,3.0666666666666664,6.0,0.0,,tune_delta,d=0.5,T1,23,3.4904701709747314
0.925,0.0,1.0,,0.5000611515116312,0.0,0.0,,,0.0,0.0,True,True,0.11753079767570394,1.866666666666667,3.0,0.0,,tune_delta,d=0.5,T1,24,3.6477749347686768
1.0,0.0,0.97,0.46999999999999925,1.229821337392428,0.0,0.0,,,0.0,0.0,True,True,0.10855550986782465,0.0,3.0,0.0,,tune_delta,d=0.5,T1,25,3.4539389610290527
1.0,0.0,1.0,,1.0119794779770526,0.0,0.0,,,0.0,0.0,True,True,0.13685512356149326,0.0,1.0,0.0,,tune_delta,d=0.5,T1,26,3.8186869621276855
0.485,0.0,0.935,0.4699999999999997,0.4700000000000006,0.0,2.0,0.0,,0.0,0.0,False,False,0.0729137848864769,2.983333333333333,6.0,0.0,,tune_delta,d=0.5,T1,27,2.3708600997924805
0.7783333333333333,0.0,1.0,,0.49119446632166147,0.0,0.0,,,0.0,0.0,True,False,0.159966286303652,9.225000000000001,4.0,0.0,,tune_delta,d=0.5,T1,28,3.4058492183685303
0.9,0.0,0.9683333333333334,0.47000000000000014,0.47429560746707145,0.0,1.0,1.0,1.5,0.0,0.0,True,True,0.1565625051787353,2.675,4.0,5.0,,tune_delta,d=0.5,T1,29,3.8154361248016357
,,,,,,,,,,,,,,,,,RuntimeError('T2 seed 0: T2 placement failed'),tune_delta,d=0.5,T2,0,0.6986651420593262
0.8366666666666667,0.0,0.9716666666666667,0.46999999999999953,0.47,0.0,0.0,,,0.0,0.0,True,True,0.18250900782981713,3.1333333333333333,6.0,1.0,,tune_delta,d=0.5,T2,1,3.8640379905700684
0.8566666666666667,0.0,1.0,,0.46999999999999975,0.0,0.0,,,0.0,0.0,True,True,0.14385736981608166,2.716666666666667,6.0,0.0,,tune_delta,d=0.5,T2,2,3.4859211444854736
0.8916666666666667,0.0,1.0,1.0621961092903769,0.4700000000000003,0.0,0.0,,,0.0,0.0,True,True,0.1804865681926019,2.4200000000000004,5.0,0.0,,tune_delta,d=0.5,T2,3,3.6212737560272217
0.8166666666666667,0.0,1.0,1.4850228218064538,0.4700000000000002,0.0,0.0,,,0.0,0.0,True,True,0.1285671605237975,3.9375,8.0,0.0,,tune_delta,d=0.5,T2,4,3.7911200523376465
0.9166666666666666,0.0,1.0,1.708220435677333,0.5013270160365153,0.0,0.0,,,0.0,0.0,True,True,0.16026109903394056,2.6500000000000004,2.0,0.0,,tune_delta,d=0.5,T2,5,3.847576141357422
0.8116666666666666,0.0,0.905,0.4700000000000001,0.48868883264002755,0.0,2.0,1.0,3.8000000000000003,0.0,0.0,True,True,0.1468921705875693,3.2714285714285714,7.0,0.0,,tune_delta,d=0.5,T2,6,3.8460428714752197
0.8116666666666666,0.0,1.0,5.439239724361473,0.4699999999999998,0.0,0.0,,,0.0,0.0,True,True,0.19755152416310204,5.0,5.0,0.0,,tune_delta,d=0.5,T2,7,3.9191229343414307
0.995,0.0,1.0,,0.9946050087840494,0.0,0.0,,,0.0,0.0,True,True,0.15485715946768983,2.4000000000000004,1.0,0.0,,tune_delta,d=0.5,T2,8,3.998703718185425
0.8083333333333333,0.0,1.0,3.0337915366571933,0.48238272648246866,0.0,0.0,,,0.0,0.0,True,True,0.15300970998197821,3.5799999999999996,5.0,0.0,,tune_delta,d=0.5,T2,9,3.6708180904388428
0.8416666666666667,0.0,1.0,,0.4877106050937268,0.0,0.0,,,0.0,0.0,True,True,0.17830382118889435,3.0250000000000004,4.0,0.0,,tune_delta,d=0.5,T2,10,3.531719923019409
0.8183333333333334,0.0,1.0,,0.48565139469695934,0.0,0.0,,,0.0,0.0,True,True,0.1719147300304461,1.7125,8.0,0.0,,tune_delta,d=0.5,T2,11,3.5613291263580322
,,,,,,,,,,,,,,,,,RuntimeError('T2 seed 12: T2 placement failed'),tune_delta,d=0.5,T2,12,0.418673038482666
0.9183333333333333,0.0,0.9916666666666667,0.4700000000000002,0.4710494521176065,0.0,0.0,,,0.0,0.0,True,True,0.15643471964305194,2.966666666666667,3.0,0.0,,tune_delta,d=0.5,T2,13,3.9572558403015137
0.885,0.0,1.0,,0.4878889807157251,0.0,0.0,,,0.0,0.0,True,True,0.19257455231756274,3.5,5.0,0.0,,tune_delta,d=0.5,T2,14,3.6441171169281006
0.89,0.0,1.0,,0.47000000000000003,0.0,0.0,,,0.0,0.0,True,True,0.1401195190633956,3.22,5.0,0.0,,tune_delta,d=0.5,T2,15,3.529121160507202
,,,,,,,,,,,,,,,,,RuntimeError('T2 seed 16: T2 placement failed'),tune_delta,d=0.5,T2,16,0.15804600715637207
0.7916666666666666,0.0,1.0,,0.4700000000000003,0.0,0.0,,,0.0,0.0,True,False,0.1443662537553474,4.466666666666667,3.0,0.0,,tune_delta,d=0.5,T2,17,3.462172269821167
,,,,,,,,,,,,,,,,,RuntimeError('T2 seed 18: T2 placement failed'),tune_delta,d=0.5,T2,18,0.575239896774292
,,,,,,,,,,,,,,,,,RuntimeError('T2 seed 19: T2 placement failed'),tune_delta,d=0.5,T2,19,0.3596987724304199
0.6616666666666666,0.0,1.0,,0.4699999999999985,0.0,0.0,,,0.0,0.0,True,False,0.17461086321053604,6.766666666666667,6.0,0.0,,tune_delta,d=0.5,T2,20,3.4921019077301025
0.8816666666666667,0.0,1.0,,0.4826251026254762,0.0,0.0,,,0.0,0.0,True,True,0.13336342597757078,2.1,5.0,0.0,,tune_delta,d=0.5,T2,21,3.612912893295288
0.6366666666666667,0.0,1.0,0.7066163183673323,0.46999999999999986,0.0,0.0,,,0.0,0.0,True,False,0.16030596593523902,8.757142857142858,7.0,0.0,,tune_delta,d=0.5,T2,22,3.7084810733795166
,,,,,,,,,,,,,,,,,RuntimeError('T2 seed 23: T2 placement failed'),tune_delta,d=0.5,T2,23,0.4316997528076172
0.7516666666666667,0.0,1.0,3.193782119934843,0.4699999999999994,0.0,0.0,,,0.0,0.0,True,False,0.16318934550354722,2.98,10.0,0.0,,tune_delta,d=0.5,T2,24,3.5555500984191895
0.7666666666666667,0.0,0.9716666666666667,0.46999999999999914,0.46999999999999914,0.0,1.0,1.0,2.2,0.0,0.0,True,False,0.168347588727377,3.4200000000000004,10.0,0.0,,tune_delta,d=0.5,T2,25,3.947951078414917
,,,,,,,,,,,,,,,,,RuntimeError('T2 seed 26: T2 placement failed'),tune_delta,d=0.5,T2,26,0.12456893920898438
,,,,,,,,,,,,,,,,,RuntimeError('T2 seed 27: T2 placement failed'),tune_delta,d=0.5,T2,27,0.19207000732421875
0.865,0.0,1.0,,0.4855060896332683,0.0,0.0,,,0.0,0.0,True,True,0.17096353570033856,5.050000000000001,4.0,0.0,,tune_delta,d=0.5,T2,28,3.5267248153686523
0.86,0.0,0.9933333333333333,0.46999999999999964,0.4699999999999993,0.0,0.0,,,0.0,0.0,True,True,0.16581047144494812,2.9,7.0,0.0,,tune_delta,d=0.5,T2,29,3.5895442962646484
0.9333333333333333,0.0,1.0,2.633793081368221,0.6233480404143514,0.0,0.0,,,0.0,0.0,True,True,0.16125748076252205,2.3000000000000003,3.0,0.0,,tune_delta,d=0.5,T7,0,3.6029701232910156
0.7283333333333334,0.0,0.9916666666666667,0.4700000000000001,0.4699999999999994,0.0,0.0,,,0.0,0.0,True,False,0.1513703523073194,5.033333333333334,9.0,9.0,,tune_delta,d=0.5,T7,1,3.7335638999938965
0.9633333333333334,0.0,0.8666666666666667,0.4699999999999995,0.4699999999999999,0.0,1.0,1.0,1.2000000000000002,0.0,0.0,True,True,0.10419533628586349,1.1333333333333335,3.0,4.0,,tune_delta,d=0.5,T7,2,3.586292028427124
0.9133333333333333,0.0,1.0,,0.473320026137112,0.0,0.0,,,0.0,0.0,True,True,0.13355104346341848,1.9500000000000002,4.0,0.0,,tune_delta,d=0.5,T7,3,3.3209431171417236
0.88,1.0,0.8266666666666667,0.46999999999999953,0.4700000000000003,0.0,0.0,,,0.0,0.0,True,False,0.15759680022459888,2.5200000000000005,5.0,2.0,,tune_delta,d=0.5,T7,4,3.7845489978790283
0.7516666666666667,0.0,1.0,1.457139788378482,0.474559755905078,0.0,0.0,,,0.0,0.0,True,False,0.16688331098032985,4.09,10.0,0.0,,tune_delta,d=0.5,T7,5,3.669198989868164
0.8383333333333334,0.0,1.0,6.675871146555394,0.5034247121580246,0.0,0.0,,,0.0,0.0,True,True,0.1800684606235604,9.55,2.0,0.0,,tune_delta,d=0.5,T7,6,3.676064968109131
0.9533333333333334,0.0,1.0,,0.5891791082376926,0.0,0.0,,,0.0,0.0,True,True,0.16669036881956328,1.85,2.0,0.0,,tune_delta,d=0.5,T7,7,3.492516279220581
0.8366666666666667,0.0,0.915,0.46999999999999936,0.48778704606435935,0.0,0.0,,,0.0,0.0,True,True,0.18566152372323785,8.233333333333334,3.0,0.0,,tune_delta,d=0.5,T7,8,3.677380084991455
0.8866666666666667,1.0,0.9333333333333333,0.46999999999999903,0.48322592615631926,0.0,0.0,,,0.0,0.0,True,False,0.17250373989771828,3.8,5.0,2.0,,tune_delta,d=0.5,T7,9,3.5000460147857666
0.8533333333333334,0.0,1.0,2.683607586075417,0.4712299369092159,0.0,0.0,,,0.0,0.0,True,True,0.15554764229999482,5.875,4.0,0.0,,tune_delta,d=0.5,T7,10,3.5016071796417236
0.9433333333333334,0.0,0.99,0.4699999999999998,0.5393943530058458,0.0,0.0,,,0.0,0.0,True,True,0.17044899364911217,1.4000000000000001,3.0,0.0,,tune_delta,d=0.5,T7,11,3.798748254776001
0.53,1.0,0.6083333333333333,0.4579781524580233,0.4700000000000001,0.0,1.0,0.0,,0.0,0.0,False,False,0.16322097788057183,4.685714285714286,14.0,1.0,,tune_delta,d=0.5,T7,12,3.360574960708618
0.9666666666666667,0.0,1.0,0.5665293822212885,0.8393977568463193,0.0,0.0,,,0.0,0.0,True,True,0.13868714396841314,1.3,2.0,0.0,,tune_delta,d=0.5,T7,13,3.5327229499816895
0.9666666666666667,0.0,0.9966666666666667,0.4699999999999997,0.8107697454536296,0.0,0.0,,,0.0,0.0,True,True,0.17925900507611914,3.5,2.0,1.0,,tune_delta,d=0.5,T7,14,3.637782096862793
0.8583333333333333,0.0,0.8466666666666667,0.46999999999999936,0.47534956240054205,0.0,1.0,1.0,1.6,0.0,0.0,True,True,0.16732607688614037,1.7375,8.0,0.0,,tune_delta,d=0.5,T7,15,4.014058828353882
0.9116666666666666,0.0,0.9966666666666667,0.47555033364552496,0.5001626837187069,0.0,0.0,,,0.0,0.0,True,True,0.18588322284885822,3.233333333333334,3.0,1.0,,tune_delta,d=0.5,T7,16,3.9844658374786377
0.9016666666666666,0.0,0.965,0.46999999999999936,0.46999999999999975,0.0,0.0,,,0.0,0.0,True,True,0.10837328287920446,2.5,7.0,0.0,,tune_delta,d=0.5,T7,17,3.474600076675415
0.6633333333333333,0.0,0.93,0.4699999999999996,0.4720276026456539,0.0,1.0,1.0,1.2000000000000002,0.0,0.0,True,False,0.10369880496926805,2.6333333333333333,6.0,0.0,,tune_delta,d=0.5,T7,18,3.482063055038452
0.7266666666666667,0.0,0.9583333333333334,0.4699999999999995,0.4700000000000001,0.0,0.0,,,0.0,0.0,True,False,0.1581238129375872,2.527272727272728,11.0,5.0,,tune_delta,d=0.5,T7,19,3.9090421199798584
0.8116666666666666,0.0,0.9716666666666667,0.46999999999999953,0.47429702525978645,0.0,1.0,1.0,2.7,0.0,0.0,True,True,0.1627350048340884,3.3625000000000003,8.0,3.0,,tune_delta,d=0.5,T7,20,3.92793607711792
0.95,0.0,1.0,,0.8193976957155584,0.0,0.0,,,0.0,0.0,True,True,0.1314620066553422,1.1400000000000001,5.0,0.0,,tune_delta,d=0.5,T7,21,3.413222074508667
0.30666666666666664,0.0,0.8616666666666667,0.46999999999999953,0.46999999999999953,0.0,1.0,0.0,,0.0,0.0,False,False,0.046074783817740585,8.366666666666667,9.0,2.0,,tune_delta,d=0.5,T7,22,2.599540948867798
0.7,1.0,0.8733333333333333,0.4699999999999995,0.5409497922133708,0.0,2.0,1.0,5.1000000000000005,0.0,0.0,True,False,0.16543636589640426,1.8333333333333333,12.0,8.0,,tune_delta,d=0.5,T7,23,3.679727077484131
0.9,0.0,0.995,0.47043992445732025,0.47091406188330875,0.0,0.0,,,0.0,0.0,True,True,0.15560690646829775,2.7000000000000006,6.0,0.0,,tune_delta,d=0.5,T7,24,3.530838966369629
0.9666666666666667,1.0,0.9766666666666667,0.4699999999999994,0.6663273815997341,0.0,1.0,1.0,2.1,0.0,0.0,True,False,0.12477633916685749,1.416666666666667,6.0,3.0,,tune_delta,d=0.5,T7,25,3.8016982078552246
1.0,1.0,0.9516666666666667,0.46999999999999975,1.2302928946898044,0.0,1.0,1.0,2.8000000000000003,0.0,0.0,True,False,0.14788937868494073,0.0,5.0,0.0,,tune_delta,d=0.5,T7,26,3.633920192718506
0.7483333333333333,0.0,0.715,0.46999999999999914,0.4865671627297966,0.0,0.0,,,0.0,0.0,True,False,0.18284255894699492,4.677777777777778,9.0,0.0,,tune_delta,d=0.5,T7,27,3.6142988204956055
0.8683333333333333,0.0,1.0,1.3161098752883014,0.484987046289135,0.0,0.0,,,0.0,0.0,True,True,0.16154970956720344,3.8400000000000007,5.0,0.0,,tune_delta,d=0.5,T7,28,3.753293991088867
0.705,0.0,1.0,,0.47,0.0,0.0,,,0.0,0.0,True,False,0.12698171251222998,9.5,2.0,0.0,,tune_delta,d=0.5,T7,29,3.3246710300445557
0.9333333333333333,0.0,1.0,,0.49716765943162167,0.0,0.0,,,0.0,0.0,True,True,0.1368817797090595,2.45,4.0,0.0,,tune_delta,d=1.0,T1,0,3.2209630012512207
1.0,0.0,1.0,,1.0635126426674018,0.0,0.0,,,0.0,0.0,True,True,0.12049129944523,0.0,3.0,0.0,,tune_delta,d=1.0,T1,1,3.5236430168151855
0.625,0.0,1.0,,0.4699999999999999,0.0,0.0,,,0.0,0.0,True,False,0.11422329949827051,11.65,2.0,0.0,,tune_delta,d=1.0,T1,2,3.2917559146881104
0.87,0.0,1.0,1.7084616851455292,0.4780335452200646,0.0,0.0,,,0.0,0.0,True,True,0.19220643305398408,2.7,4.0,0.0,,tune_delta,d=1.0,T1,3,3.554500102996826
0.675,1.0,0.9316666666666666,0.4699999999999994,0.47000000000000003,0.0,4.0,1.0,5.450000000000001,0.0,0.0,True,False,0.11268580841373123,5.777777777777778,9.0,1.0,,tune_delta,d=1.0,T1,4,3.140443801879883
0.865,1.0,0.915,0.4699999999999994,0.4777766997155111,0.0,1.0,1.0,2.5,0.0,0.0,True,False,0.17696793909391828,2.65,8.0,1.0,,tune_delta,d=1.0,T1,5,3.5576391220092773
0.8116666666666666,0.0,1.0,,0.4867257362376642,0.0,0.0,,,0.0,0.0,True,True,0.18024295664573248,3.825,4.0,0.0,,tune_delta,d=1.0,T1,6,3.2802350521087646
1.0,0.0,1.0,,1.0078087920870273,0.0,0.0,,,0.0,0.0,True,True,0.18146896409735888,0.0,2.0,0.0,,tune_delta,d=1.0,T1,7,3.3684699535369873
0.9083333333333333,0.0,1.0,,0.4899178960459261,0.0,0.0,,,0.0,0.0,True,True,0.15818140758137259,3.1666666666666674,3.0,0.0,,tune_delta,d=1.0,T1,8,3.3284478187561035
0.8683333333333333,0.0,1.0,7.7414764316996845,0.5001402226756099,0.0,0.0,,,0.0,0.0,True,True,0.1613740424286267,4.8999999999999995,3.0,0.0,,tune_delta,d=1.0,T1,9,3.5285518169403076
0.91,0.0,1.0,3.71974931359356,0.4700000000000001,0.0,0.0,,,0.0,0.0,True,True,0.19653741074215436,2.7,2.0,0.0,,tune_delta,d=1.0,T1,10,3.557400941848755
1.0,0.0,0.9816666666666667,0.47000000000000064,1.1137108402644087,0.0,0.0,,,0.0,0.0,True,True,0.15643405600827104,0.0,2.0,1.0,,tune_delta,d=1.0,T1,11,3.50301194190979
0.8783333333333333,0.0,1.0,,0.4699999999999999,0.0,0.0,,,0.0,0.0,True,True,0.14238791353426622,3.1500000000000004,4.0,0.0,,tune_delta,d=1.0,T1,12,3.3444979190826416
0.97,0.0,1.0,,0.47967791401397625,0.0,0.0,,,0.0,0.0,True,True,0.11305383401588438,1.0,3.0,0.0,,tune_delta,d=1.0,T1,13,3.3076272010803223
0.9833333333333333,0.0,1.0,,0.9523930086292024,0.0,0.0,,,0.0,0.0,True,True,0.18619110051247578,3.2,1.0,0.0,,tune_delta,d=1.0,T1,14,3.3621060848236084
0.8633333333333333,0.0,1.0,,0.4700000000000006,0.0,0.0,,,0.0,0.0,True,True,0.1290553316501206,4.34,5.0,0.0,,tune_delta,d=1.0,T1,15,3.197202205657959
0.9016666666666666,1.0,0.9016666666666666,0.46999999999999953,0.5574038417561656,0.0,1.0,1.0,11.100000000000001,0.0,0.0,True,False,0.15155114436294176,1.04,5.0,0.0,,tune_delta,d=1.0,T1,16,3.322169065475464
0.8916666666666667,0.0,1.0,,0.4699999999999993,0.0,0.0,,,0.0,0.0,True,True,0.10858584943561936,4.0,3.0,0.0,,tune_delta,d=1.0,T1,17,3.301651954650879
0.92,0.0,1.0,1.716690493624666,0.47,0.0,0.0,,,0.0,0.0,True,True,0.1167290981435047,2.4,3.0,0.0,,tune_delta,d=1.0,T1,18,3.472161054611206
0.96,0.0,1.0,,0.7858939658448423,0.0,0.0,,,0.0,0.0,True,True,0.10388453569145552,1.1,4.0,0.0,,tune_delta,d=1.0,T1,19,3.3676259517669678
0.9883333333333333,0.0,0.9833333333333333,0.47000000000000003,0.9702980254880302,0.0,0.0,,,0.0,0.0,True,True,0.13748758543736597,1.4000000000000001,2.0,0.0,,tune_delta,d=1.0,T1,20,3.7157487869262695
1.0,0.0,1.0,,1.1893807314864997,0.0,0.0,,,0.0,0.0,True,True,0.07501726331823672,0.0,2.0,0.0,,tune_delta,d=1.0,T1,21,3.3905208110809326
1.0,0.0,1.0,10.018556992873188,1.0276791546175332,0.0,0.0,,,0.0,0.0,True,True,0.09247787022342281,0.0,2.0,0.0,,tune_delta,d=1.0,T1,22,3.402787923812866
0.88,0.0,1.0,,0.48952382260342014,0.0,0.0,,,0.0,0.0,True,True,0.14765702915056142,3.7,5.0,0.0,,tune_delta,d=1.0,T1,23,3.254491090774536
0.9233333333333333,0.0,1.0,,0.48159215356297447,0.0,0.0,,,0.0,0.0,True,True,0.11640882506249277,2.0500000000000003,4.0,0.0,,tune_delta,d=1.0,T1,24,3.3299572467803955
1.0,1.0,0.9666666666666667,0.4699999999999994,1.1844726720023022,0.0,1.0,1.0,1.6,0.0,0.0,True,False,0.0972800485672199,0.0,3.0,1.0,,tune_delta,d=1.0,T1,25,3.4704749584198
1.0,0.0,1.0,,1.1248678979859752,0.0,0.0,,,0.0,0.0,True,True,0.13950994730541785,0.0,1.0,0.0,,tune_delta,d=1.0,T1,26,3.3081002235412598
0.4816666666666667,0.0,0.9316666666666666,0.46999999999999914,0.46999999999999975,0.0,2.0,0.0,,0.0,0.0,False,False,0.08114163168844782,7.171428571428572,7.0,0.0,,tune_delta,d=1.0,T1,27,2.3193962574005127
0.8483333333333334,0.0,1.0,,0.49576487558706095,0.0,0.0,,,0.0,0.0,True,True,0.18184574260242065,6.125,4.0,0.0,,tune_delta,d=1.0,T1,28,3.3782310485839844
0.8533333333333334,0.0,1.0,0.5024712981259984,0.48077711764402853,0.0,2.0,0.5,1.9000000000000001,0.0,0.0,False,False,0.17180811004898341,2.4000000000000004,4.0,5.0,,tune_delta,d=1.0,T1,29,3.218939781188965
,,,,,,,,,,,,,,,,,RuntimeError('T2 seed 0: T2 placement failed'),tune_delta,d=1.0,T2,0,0.7764379978179932
0.8366666666666667,0.0,0.9766666666666667,0.4699999999999998,0.4700000000000009,0.0,0.0,,,0.0,0.0,True,True,0.154587172513362,3.185714285714286,7.0,1.0,,tune_delta,d=1.0,T2,1,3.7015602588653564
0.8466666666666667,0.0,1.0,,0.4700000000000003,0.0,0.0,,,0.0,0.0,True,True,0.14030749952920538,2.7600000000000002,5.0,0.0,,tune_delta,d=1.0,T2,2,3.305858850479126
0.72,0.0,0.9933333333333333,0.46999999999999925,0.4699999999999993,0.0,0.0,,,0.0,0.0,True,False,0.2035959318796724,4.300000000000001,6.0,0.0,,tune_delta,d=1.0,T2,3,3.6582019329071045
0.8066666666666666,0.0,1.0,1.549511466632347,0.46999999999999875,0.0,0.0,,,0.0,0.0,True,True,0.1379621322232364,6.6,5.0,0.0,,tune_delta,d=1.0,T2,4,3.5303001403808594
0.8283333333333334,0.0,1.0,1.6215719185307158,0.47826059753753164,0.0,0.0,,,0.0,0.0,True,True,0.19143733749657982,3.6,6.0,0.0,,tune_delta,d=1.0,T2,5,3.4984219074249268
0.6583333333333333,0.0,0.945,0.4699999999999999,0.47733772041010586,0.0,1.0,1.0,5.5,0.0,0.0,True,False,0.169375346753486,8.275,8.0,0.0,,tune_delta,d=1.0,T2,6,3.4907288551330566
0.7933333333333333,0.0,1.0,0.7131962718586213,0.47000000000000014,0.0,0.0,,,0.0,0.0,True,False,0.18418337230479412,5.3,5.0,0.0,,tune_delta,d=1.0,T2,7,3.450843095779419
0.9733333333333334,0.0,1.0,,0.8904054403085105,0.0,0.0,,,0.0,0.0,True,True,0.1542163090219886,3.1,1.0,0.0,,tune_delta,d=1.0,T2,8,3.556702136993408
0.84,0.0,1.0,3.0153240493536146,0.484090799104169,0.0,0.0,,,0.0,0.0,True,True,0.17311697083504066,3.9,5.0,0.0,,tune_delta,d=1.0,T2,9,3.557471990585327
0.79,0.0,1.0,,0.4932544047009329,0.0,0.0,,,0.0,0.0,True,False,0.1701082640034961,8.4,4.0,0.0,,tune_delta,d=1.0,T2,10,3.37015700340271
0.7866666666666666,0.0,1.0,,0.47606937031841295,0.0,0.0,,,0.0,0.0,True,False,0.1539619130478837,1.7777777777777777,9.0,0.0,,tune_delta,d=1.0,T2,11,3.524106979370117
,,,,,,,,,,,,,,,,,RuntimeError('T2 seed 12: T2 placement failed'),tune_delta,d=1.0,T2,12,0.3838541507720947
0.8666666666666667,0.0,0.9866666666666667,0.47000000000000025,0.47000000000000064,0.0,0.0,,,0.0,0.0,True,True,0.18200756563605297,5.275,4.0,0.0,,tune_delta,d=1.0,T2,13,3.462876081466675
0.825,0.0,1.0,,0.48728107996917486,0.0,0.0,,,0.0,0.0,True,True,0.21736192537506105,4.9,4.0,0.0,,tune_delta,d=1.0,T2,14,3.4532039165496826
0.8616666666666667,0.0,1.0,,0.4699999999999999,0.0,0.0,,,0.0,0.0,True,True,0.1338132024878045,2.9000000000000004,3.0,0.0,,tune_delta,d=1.0,T2,15,3.515198230743408
,,,,,,,,,,,,,,,,,RuntimeError('T2 seed 16: T2 placement failed'),tune_delta,d=1.0,T2,16,0.13748908042907715
0.6366666666666667,0.0,1.0,,0.4699999999999993,0.0,0.0,,,0.0,0.0,True,False,0.14521526804176094,6.375000000000001,4.0,0.0,,tune_delta,d=1.0,T2,17,3.606574773788452
,,,,,,,,,,,,,,,,,RuntimeError('T2 seed 18: T2 placement failed'),tune_delta,d=1.0,T2,18,0.5771000385284424
,,,,,,,,,,,,,,,,,RuntimeError('T2 seed 19: T2 placement failed'),tune_delta,d=1.0,T2,19,0.4057168960571289
0.475,0.0,1.0,,1.36724666907031,0.0,2.0,0.0,,0.0,0.0,False,False,0.036750289132377226,2.45,2.0,0.0,,tune_delta,d=1.0,T2,20,2.103278875350952
0.7533333333333333,1.0,1.0,,0.4699999999999994,0.0,0.0,,,0.0,0.0,True,False,0.15381324367451993,4.2,8.0,0.0,,tune_delta,d=1.0,T2,21,3.693873882293701
0.8166666666666667,1.0,0.99,0.4699999999999997,0.4699999999999999,0.0,0.0,,,0.0,0.0,True,False,0.13640344075709576,6.200000000000001,4.0,0.0,,tune_delta,d=1.0,T2,22,3.7013802528381348
,,,,,,,,,,,,,,,,,RuntimeError('T2 seed 23: T2 placement failed'),tune_delta,d=1.0,T2,23,0.5302178859710693
0.8433333333333334,0.0,0.97,0.4699999999999993,0.47074810123978167,0.0,0.0,,,0.0,0.0,True,True,0.14239224283577828,2.2666666666666666,9.0,0.0,,tune_delta,d=1.0,T2,24,3.8122129440307617
0.805,0.0,0.9033333333333333,0.4699999999999992,0.4700000000000001,0.0,1.0,1.0,1.8,0.0,0.0,True,True,0.1276422943357049,2.3181818181818183,11.0,0.0,,tune_delta,d=1.0,T2,25,3.8195509910583496
,,,,,,,,,,,,,,,,,RuntimeError('T2 seed 26: T2 placement failed'),tune_delta,d=1.0,T2,26,0.12557101249694824
,,,,,,,,,,,,,,,,,RuntimeError('T2 seed 27: T2 placement failed'),tune_delta,d=1.0,T2,27,0.18260979652404785
0.8133333333333334,0.0,1.0,,0.4757583284840908,0.0,0.0,,,0.0,0.0,True,True,0.1843016185421699,6.075,4.0,0.0,,tune_delta,d=1.0,T2,28,3.523587942123413
0.86,0.0,0.9583333333333334,0.4699999999999997,0.4831019981859862,0.0,1.0,1.0,2.1,0.0,0.0,True,True,0.16629548259005789,3.3000000000000003,6.0,3.0,,tune_delta,d=1.0,T2,29,3.5687899589538574
0.9416666666666667,0.0,1.0,2.669204417898913,0.6881641903075081,0.0,0.0,,,0.0,0.0,True,True,0.14576623820226406,2.3000000000000003,3.0,0.0,,tune_delta,d=1.0,T7,0,3.853328227996826
0.77,0.0,0.9333333333333333,0.47000000000000014,0.4699999999999994,0.0,0.0,,,0.0,0.0,True,False,0.16019852854586922,5.242857142857143,7.0,1.0,,tune_delta,d=1.0,T7,1,3.585023880004883
1.0,0.0,0.86,0.4699999999999993,1.0248065503441905,0.0,2.0,0.5,1.8,0.0,0.0,False,False,0.12232372455768648,0.0,3.0,2.0,,tune_delta,d=1.0,T7,2,3.763582944869995
0.9183333333333333,0.0,1.0,,0.492523808926093,0.0,0.0,,,0.0,0.0,True,True,0.13264040666791052,1.975,4.0,0.0,,tune_delta,d=1.0,T7,3,3.289768934249878
0.7583333333333333,1.0,0.84,0.46999999999999953,0.4700000000000003,0.0,1.0,1.0,3.8000000000000003,0.0,0.0,True,False,0.1664180046107074,3.9300000000000006,10.0,3.0,,tune_delta,d=1.0,T7,4,4.117120981216431
0.7183333333333334,0.0,0.9833333333333333,0.4699999999999997,0.48124786898989685,0.0,0.0,,,0.0,0.0,True,False,0.1792217657845965,3.7000000000000006,8.0,0.0,,tune_delta,d=1.0,T7,5,3.4322140216827393
0.7816666666666666,0.0,0.9766666666666667,0.4699999999999993,0.5021076286378215,0.0,0.0,,,0.0,0.0,True,False,0.1778952141518777,14.200000000000001,1.0,0.0,,tune_delta,d=1.0,T7,6,3.538398027420044
0.955,0.0,1.0,,0.5976406639909017,0.0,0.0,,,0.0,0.0,True,True,0.19448511044740968,1.8,2.0,0.0,,tune_delta,d=1.0,T7,7,3.2424089908599854
0.9283333333333333,0.0,1.0,0.8791592810987102,0.5460712051974924,0.0,0.0,,,0.0,0.0,True,True,0.15432310963722048,5.0,1.0,0.0,,tune_delta,d=1.0,T7,8,3.6616790294647217
0.8166666666666667,1.0,0.9466666666666667,0.4699999999999992,0.4699999999999991,0.0,0.0,,,0.0,0.0,True,False,0.1572074809287189,7.140000000000001,5.0,0.0,,tune_delta,d=1.0,T7,9,3.4607632160186768
0.7166666666666667,0.0,1.0,3.5725005850940508,0.4713943723795202,0.0,0.0,,,0.0,0.0,True,False,0.18990367489348497,11.299999999999999,3.0,0.0,,tune_delta,d=1.0,T7,10,3.4467380046844482
0.6816666666666666,0.0,0.9216666666666666,0.46999999999999975,0.4716145436843856,0.0,0.0,,,0.0,0.0,True,False,0.2121163148403994,5.0,9.0,1.0,,tune_delta,d=1.0,T7,11,3.6170601844787598
0.94,0.0,0.7383333333333333,0.46893512799475207,0.48737992619457604,0.0,0.0,,,0.0,0.0,True,True,0.11871109793561077,1.475,4.0,1.0,,tune_delta,d=1.0,T7,12,3.8151021003723145
0.97,0.0,1.0,0.8090094017464905,0.8323036448853419,0.0,0.0,,,0.0,0.0,True,True,0.13044072118059785,1.3,2.0,0.0,,tune_delta,d=1.0,T7,13,3.7837440967559814
0.95,0.0,0.9983333333333333,0.49911325884005686,0.6173645123214917,0.0,0.0,,,0.0,0.0,True,True,0.1844326880309117,1.9500000000000002,2.0,0.0,,tune_delta,d=1.0,T7,14,3.664728879928589
0.8216666666666667,0.0,0.99,0.4699999999999999,0.47,0.0,0.0,,,0.0,0.0,True,True,0.14102852515232064,2.1,7.0,1.0,,tune_delta,d=1.0,T7,15,4.353264093399048
0.8416666666666667,1.0,0.96,0.4699999999999992,0.515347728095985,0.0,0.0,,,0.0,0.0,True,False,0.19617644066330242,3.6666666666666665,3.0,0.0,,tune_delta,d=1.0,T7,16,4.214982986450195
0.8483333333333334,0.0,0.965,0.46999999999999914,0.47000000000000053,0.0,0.0,,,0.0,0.0,True,True,0.10979256334979362,3.9500000000000006,6.0,0.0,,tune_delta,d=1.0,T7,17,3.7080118656158447
1.0,0.0,0.9583333333333334,0.46999999999999975,1.1146984606880141,0.0,2.0,1.0,2.25,0.0,0.0,True,True,0.10789185473374138,0.0,5.0,1.0,,tune_delta,d=1.0,T7,18,3.989797830581665
0.825,0.0,0.8,0.46999999999999914,0.5293614343068459,0.0,2.0,0.5,2.1,0.0,0.0,True,True,0.14968310119814313,1.5714285714285714,14.0,7.0,,tune_delta,d=1.0,T7,19,3.804983139038086
0.8383333333333334,0.0,0.95,0.46999999999999975,0.47778758744508926,0.0,1.0,1.0,2.2,0.0,0.0,True,True,0.20924451971029687,1.9249999999999998,8.0,3.0,,tune_delta,d=1.0,T7,20,4.207409858703613
0.95,0.0,1.0,,0.8698767162334814,0.0,0.0,,,0.0,0.0,True,True,0.12346149883014725,1.12,5.0,0.0,,tune_delta,d=1.0,T7,21,3.6395182609558105
0.7683333333333333,1.0,0.8633333333333333,0.46999999999999914,0.469999999999999,0.0,4.0,1.0,2.4250000000000003,0.0,0.0,True,False,0.1729173687470694,4.0,8.0,10.0,,tune_delta,d=1.0,T7,22,4.2375569343566895
0.7216666666666667,0.0,0.8333333333333334,0.46999999999999914,0.5020462934035196,0.0,0.0,,,0.0,0.0,True,False,0.16991817779068333,2.96,10.0,2.0,,tune_delta,d=1.0,T7,23,3.6692609786987305
0.39166666666666666,1.0,1.0,6.715991879793158,0.46999999999999953,0.0,0.0,,,0.0,0.0,True,False,0.1510037347762254,12.614285714285716,7.0,0.0,,tune_delta,d=1.0,T7,24,3.5626308917999268
0.9066666666666666,0.0,0.96,0.46999999999999986,0.47,0.0,1.0,1.0,1.4000000000000001,0.0,0.0,True,True,0.14838478760244364,1.8333333333333333,6.0,0.0,,tune_delta,d=1.0,T7,25,3.9637928009033203
1.0,0.0,0.9783333333333334,0.47000000000000014,1.093269805676314,0.0,1.0,1.0,2.4000000000000004,0.0,0.0,True,True,0.1702791921493454,0.0,5.0,0.0,,tune_delta,d=1.0,T7,26,3.6198079586029053
0.6466666666666666,0.0,0.945,0.46999999999999953,0.4700000000000002,0.0,0.0,,,0.0,0.0,True,False,0.21285714468004419,5.411111111111111,9.0,7.0,,tune_delta,d=1.0,T7,27,4.091434001922607
0.8216666666666667,0.0,0.9916666666666667,0.4700000000000001,0.49643698213752985,0.0,0.0,,,0.0,0.0,True,True,0.1929948000284264,6.4750000000000005,4.0,0.0,,tune_delta,d=1.0,T7,28,3.9422006607055664
0.83,0.0,1.0,,0.4700000000000002,0.0,0.0,,,0.0,0.0,True,True,0.1674552479440585,6.45,4.0,0.0,,tune_delta,d=1.0,T7,29,3.2499470710754395
0.9,0.0,1.0,,0.47168892355477504,0.0,0.0,,,0.0,0.0,True,True,0.1496846782377207,3.2250000000000005,4.0,0.0,,tune_delta,d=1.5,T1,0,3.4173498153686523
0.9666666666666667,0.0,1.0,,0.9387183752684027,0.0,0.0,,,0.0,0.0,True,True,0.12668773179599285,0.7666666666666667,3.0,0.0,,tune_delta,d=1.5,T1,1,3.195535182952881
0.9033333333333333,0.0,1.0,,0.46999999999999953,0.0,0.0,,,0.0,0.0,True,True,0.13072441576812113,3.0333333333333337,3.0,0.0,,tune_delta,d=1.5,T1,2,3.5579099655151367
0.8466666666666667,0.0,1.0,1.6007298172450666,0.49392881225688856,0.0,0.0,,,0.0,0.0,True,True,0.18888988335442908,2.6,3.0,0.0,,tune_delta,d=1.5,T1,3,3.6495521068573
0.82,0.0,0.9316666666666666,0.4699999999999993,0.4699999999999999,0.0,2.0,1.0,3.25,0.0,0.0,True,True,0.13906713289453418,3.485714285714286,7.0,4.0,,tune_delta,d=1.5,T1,4,3.3469061851501465
0.88,0.0,0.9783333333333334,0.47,0.5049469118517872,0.0,0.0,,,0.0,0.0,True,True,0.20347414429874522,1.975,4.0,0.0,,tune_delta,d=1.5,T1,5,3.2688000202178955
0.6333333333333333,0.0,1.0,,0.49057786517424384,0.0,0.0,,,0.0,0.0,True,False,0.22724577288661701,9.233333333333334,3.0,0.0,,tune_delta,d=1.5,T1,6,3.277895927429199
1.0,0.0,1.0,,1.1027955000974112,0.0,0.0,,,0.0,0.0,True,True,0.16803690823806777,0.0,2.0,0.0,,tune_delta,d=1.5,T1,7,3.17986798286438
0.875,0.0,1.0,,0.49789771055340887,0.0,0.0,,,0.0,0.0,True,True,0.1586808597827778,3.8000000000000003,3.0,0.0,,tune_delta,d=1.5,T1,8,3.148725986480713
0.8416666666666667,0.0,1.0,7.8324644134584585,0.4916603994282135,0.0,0.0,,,0.0,0.0,True,True,0.19183656721525136,5.625,4.0,0.0,,tune_delta,d=1.5,T1,9,3.2940220832824707
0.8966666666666666,0.0,1.0,3.765981097584743,0.4870299899472531,0.0,0.0,,,0.0,0.0,True,True,0.2108420810251226,3.65,4.0,0.0,,tune_delta,d=1.5,T1,10,3.373763084411621
0.9916666666666667,0.0,0.875,0.4699999999999992,0.981736250645287,0.0,0.0,,,0.0,0.0,True,True,0.16576587074466254,1.2000000000000002,2.0,1.0,,tune_delta,d=1.5,T1,11,3.4330501556396484
0.7116666666666667,0.0,1.0,,0.46999999999999964,0.0,0.0,,,0.0,0.0,True,False,0.16387511629041474,4.3875,8.0,0.0,,tune_delta,d=1.5,T1,12,3.209970235824585
0.9316666666666666,0.0,1.0,,0.48871725286411066,0.0,0.0,,,0.0,0.0,True,True,0.13689295662575438,1.8333333333333333,3.0,0.0,,tune_delta,d=1.5,T1,13,3.334883213043213
0.975,0.0,1.0,,0.9133585346572338,0.0,0.0,,,0.0,0.0,True,True,0.20142303719884505,3.1,1.0,0.0,,tune_delta,d=1.5,T1,14,3.2498409748077393
0.7466666666666667,0.0,1.0,,0.46999999999999986,0.0,0.0,,,0.0,0.0,True,False,0.14606751210568092,4.022222222222222,9.0,0.0,,tune_delta,d=1.5,T1,15,3.3427419662475586
0.9066666666666666,1.0,0.8733333333333333,0.46999999999999964,0.48508039272828735,0.0,1.0,1.0,5.1000000000000005,0.0,0.0,True,False,0.17265293701371226,0.56,5.0,0.0,,tune_delta,d=1.5,T1,16,3.1949520111083984
0.8883333333333333,0.0,1.0,,0.47000000000000086,0.0,0.0,,,0.0,0.0,True,True,0.09763864482139917,2.45,4.0,0.0,,tune_delta,d=1.5,T1,17,3.1949501037597656
0.8516666666666667,0.0,1.0,3.53206213664822,0.47000000000000003,0.0,0.0,,,0.0,0.0,True,True,0.12418915396673032,4.325,4.0,0.0,,tune_delta,d=1.5,T1,18,3.3742520809173584
0.9383333333333334,0.0,1.0,,0.8833255803632898,0.0,0.0,,,0.0,0.0,True,True,0.11619644467961741,1.1500000000000001,4.0,0.0,,tune_delta,d=1.5,T1,19,3.5464389324188232
0.975,0.0,1.0,0.503339737628723,0.9193812121880689,0.0,0.0,,,0.0,0.0,True,True,0.13581370056389358,1.4500000000000002,2.0,0.0,,tune_delta,d=1.5,T1,20,3.575284957885742
0.99,0.0,1.0,,0.9777237798826331,0.0,0.0,,,0.0,0.0,True,True,0.10311412491504596,1.05,2.0,0.0,,tune_delta,d=1.5,T1,21,3.023757219314575
0.9316666666666666,0.0,1.0,9.9452566715241,0.7552770857105375,0.0,0.0,,,0.0,0.0,True,True,0.12251145977971525,2.45,2.0,0.0,,tune_delta,d=1.5,T1,22,3.647641181945801
0.67,0.0,1.0,,0.48687022903610955,0.0,0.0,,,0.0,0.0,True,False,0.1838983300971656,11.87142857142857,7.0,0.0,,tune_delta,d=1.5,T1,23,3.6046102046966553
0.9066666666666666,0.0,1.0,,0.47,0.0,0.0,,,0.0,0.0,True,True,0.13626873276390358,2.8600000000000003,5.0,0.0,,tune_delta,d=1.5,T1,24,3.254146099090576
1.0,1.0,0.9633333333333334,0.4699999999999997,1.0412355940099756,0.0,1.0,0.0,,0.0,0.0,False,False,0.10754976172322879,0.0,3.0,1.0,,tune_delta,d=1.5,T1,25,3.2992329597473145
0.9783333333333334,0.0,1.0,,0.938137674203563,0.0,0.0,,,0.0,0.0,True,True,0.15301472285558762,2.9000000000000004,1.0,0.0,,tune_delta,d=1.5,T1,26,3.396660089492798
0.635,0.0,0.87,0.46999999999999925,0.4699999999999999,0.0,4.0,0.75,6.866666666666667,0.0,0.0,False,False,0.10837151396446476,2.028571428571429,7.0,1.0,,tune_delta,d=1.5,T1,27,2.8549039363861084
0.83,0.0,1.0,,0.48546237712446383,0.0,0.0,,,0.0,0.0,True,True,0.17965557042018868,6.325000000000001,4.0,0.0,,tune_delta,d=1.5,T1,28,3.354170083999634
0.8466666666666667,0.0,0.7483333333333333,0.4699999999999991,0.46999999999999986,0.0,0.0,,,0.0,0.0,True,True,0.17534111345753203,4.3,5.0,5.0,,tune_delta,d=1.5,T1,29,3.2829160690307617
,,,,,,,,,,,,,,,,,RuntimeError('T2 seed 0: T2 placement failed'),tune_delta,d=1.5,T2,0,0.6485958099365234
0.6966666666666667,0.0,0.98,0.47,0.4700000000000005,0.0,0.0,,,0.0,0.0,True,False,0.16458224404817304,5.783333333333334,6.0,1.0,,tune_delta,d=1.5,T2,1,3.618730068206787
0.82,0.0,1.0,,0.4699999999999997,0.0,0.0,,,0.0,0.0,True,True,0.14329031064472944,3.5666666666666664,6.0,0.0,,tune_delta,d=1.5,T2,2,3.5326199531555176
0.7033333333333334,0.0,1.0,1.5414448067202657,0.4699999999999999,0.0,0.0,,,0.0,0.0,True,False,0.21301630576203115,8.9,6.0,0.0,,tune_delta,d=1.5,T2,3,3.3929929733276367
0.8016666666666666,0.0,1.0,1.3819074520575034,0.46999999999999986,0.0,0.0,,,0.0,0.0,True,True,0.13287156093439706,3.3142857142857145,7.0,0.0,,tune_delta,d=1.5,T2,4,3.2876031398773193
0.7166666666666667,0.0,1.0,2.872192794469894,0.4811126590755953,0.0,0.0,,,0.0,0.0,True,False,0.16620534806856666,9.75,2.0,0.0,,tune_delta,d=1.5,T2,5,3.297731876373291
0.6116666666666667,0.0,0.7616666666666667,0.4699999999999998,0.497874932517616,0.0,1.0,1.0,13.8,0.0,0.0,True,False,0.17825895109938825,4.000000000000001,12.0,0.0,,tune_delta,d=1.5,T2,6,2.969655990600586
0.7466666666666667,0.0,1.0,4.259128840096543,0.4700000000000001,0.0,0.0,,,0.0,0.0,True,False,0.22231165536850098,9.48,5.0,0.0,,tune_delta,d=1.5,T2,7,3.3840227127075195
0.9633333333333334,0.0,1.0,,0.8448483090013409,0.0,0.0,,,0.0,0.0,True,True,0.17204583596372758,3.0,1.0,0.0,,tune_delta,d=1.5,T2,8,3.628338098526001
0.84,0.0,1.0,2.859353693560123,0.4947556657969298,0.0,0.0,,,0.0,0.0,True,True,0.18336116661566004,3.22,5.0,0.0,,tune_delta,d=1.5,T2,9,3.29868483543396
0.6966666666666667,0.0,1.0,,1.1441428765473038,0.0,2.0,0.0,,0.0,0.0,False,False,0.05013182943075126,4.15,2.0,0.0,,tune_delta,d=1.5,T2,10,2.2991881370544434
0.81,0.0,1.0,,0.48622828041606025,0.0,0.0,,,0.0,0.0,True,True,0.17930978548656612,2.125,8.0,0.0,,tune_delta,d=1.5,T2,11,3.4006142616271973
,,,,,,,,,,,,,,,,,RuntimeError('T2 seed 12: T2 placement failed'),tune_delta,d=1.5,T2,12,0.37241387367248535
0.8516666666666667,0.0,1.0,0.7933018777188465,0.47000000000000053,0.0,0.0,,,0.0,0.0,True,True,0.16880152651654357,4.65,6.0,0.0,,tune_delta,d=1.5,T2,13,3.482053756713867
0.8516666666666667,0.0,1.0,,0.49652418278947175,0.0,0.0,,,0.0,0.0,True,True,0.2167527911877618,3.9000000000000004,3.0,0.0,,tune_delta,d=1.5,T2,14,3.4102962017059326
0.8566666666666667,0.0,1.0,,0.47,0.0,0.0,,,0.0,0.0,True,True,0.1386591667805521,4.25,2.0,0.0,,tune_delta,d=1.5,T2,15,3.170553684234619
,,,,,,,,,,,,,,,,,RuntimeError('T2 seed 16: T2 placement failed'),tune_delta,d=1.5,T2,16,0.1610550880432129
0.645,0.0,1.0,,0.4699999999999995,0.0,0.0,,,0.0,0.0,True,False,0.14469756678780435,6.220000000000001,5.0,0.0,,tune_delta,d=1.5,T2,17,3.171998977661133
,,,,,,,,,,,,,,,,,RuntimeError('T2 seed 18: T2 placement failed'),tune_delta,d=1.5,T2,18,0.47284483909606934
,,,,,,,,,,,,,,,,,RuntimeError('T2 seed 19: T2 placement failed'),tune_delta,d=1.5,T2,19,0.34253597259521484
0.8316666666666667,0.0,1.0,,0.46999999999999903,0.0,0.0,,,0.0,0.0,True,True,0.1881465106930038,5.640000000000001,5.0,0.0,,tune_delta,d=1.5,T2,20,3.1731526851654053
0.77,1.0,1.0,,0.46999999999999964,0.0,0.0,,,0.0,0.0,True,False,0.1556730887484331,3.6700000000000004,10.0,0.0,,tune_delta,d=1.5,T2,21,3.398013114929199
0.8566666666666667,0.0,1.0,0.6753743237761164,0.4699999999999997,0.0,0.0,,,0.0,0.0,True,True,0.18871671133737658,4.18,5.0,0.0,,tune_delta,d=1.5,T2,22,3.6962430477142334
,,,,,,,,,,,,,,,,,RuntimeError('T2 seed 23: T2 placement failed'),tune_delta,d=1.5,T2,23,0.3654627799987793
0.7316666666666667,0.0,1.0,2.941561939122869,0.4781778884101979,0.0,0.0,,,0.0,0.0,True,False,0.18250067065900014,3.8600000000000003,10.0,0.0,,tune_delta,d=1.5,T2,24,3.2917909622192383
0.7833333333333333,1.0,0.8816666666666667,0.46999999999999914,0.4699999999999994,0.0,0.0,,,0.0,0.0,True,False,0.13087888868843217,2.56,10.0,1.0,,tune_delta,d=1.5,T2,25,3.6232802867889404
,,,,,,,,,,,,,,,,,RuntimeError('T2 seed 26: T2 placement failed'),tune_delta,d=1.5,T2,26,0.1749279499053955
,,,,,,,,,,,,,,,,,RuntimeError('T2 seed 27: T2 placement failed'),tune_delta,d=1.5,T2,27,0.19016814231872559
0.88,0.0,1.0,,0.5158568770741667,0.0,0.0,,,0.0,0.0,True,True,0.19427749484873272,4.4,2.0,0.0,,tune_delta,d=1.5,T2,28,3.4209280014038086
0.77,0.0,0.9533333333333334,0.4699999999999996,0.4699999999999992,0.0,1.0,1.0,1.3,0.0,0.0,True,False,0.19181918002435405,4.6875,8.0,3.0,,tune_delta,d=1.5,T2,29,3.5327179431915283
0.9366666666666666,0.0,1.0,2.84694244061412,0.6826877318109974,0.0,0.0,,,0.0,0.0,True,True,0.17150481857745728,2.4,3.0,0.0,,tune_delta,d=1.5,T7,0,3.5109829902648926
0.7683333333333333,0.0,0.9616666666666667,0.46999999999999986,0.4699999999999994,0.0,1.0,1.0,1.3,0.0,0.0,True,False,0.15756384961993303,5.45,6.0,4.0,,tune_delta,d=1.5,T7,1,3.4869658946990967
0.9716666666666667,0.0,0.8516666666666667,0.46999999999999914,0.5572408621304734,0.0,1.0,0.0,,0.0,0.0,False,False,0.12745610750885333,1.2750000000000001,4.0,1.0,,tune_delta,d=1.5,T7,2,3.407632827758789
0.9216666666666666,0.0,1.0,,0.4797515943296917,0.0,0.0,,,0.0,0.0,True,True,0.14842891235686942,3.0666666666666664,3.0,0.0,,tune_delta,d=1.5,T7,3,3.2109529972076416
0.8366666666666667,0.0,0.9733333333333334,0.46999999999999986,0.4700000000000001,0.0,0.0,,,0.0,0.0,True,True,0.16899337344297555,0.9222222222222223,9.0,1.0,,tune_delta,d=1.5,T7,4,3.631707191467285
0.715,0.0,0.9783333333333334,0.47000000000000025,0.4744801686731036,0.0,0.0,,,0.0,0.0,True,False,0.1963841332778818,3.7125000000000004,8.0,1.0,,tune_delta,d=1.5,T7,5,3.1951920986175537
0.835,0.0,1.0,2.2609106920254685,0.48961199298496266,0.0,0.0,,,0.0,0.0,True,True,0.18476085818043333,8.433333333333335,3.0,0.0,,tune_delta,d=1.5,T7,6,3.456602096557617
0.8733333333333333,0.0,1.0,,0.5629513863363335,0.0,0.0,,,0.0,0.0,True,True,0.21623606645142732,3.35,2.0,0.0,,tune_delta,d=1.5,T7,7,3.397542953491211
0.9283333333333333,0.0,1.0,0.8760376949468958,0.528460158866823,0.0,0.0,,,0.0,0.0,True,True,0.213741826807238,4.9,1.0,0.0,,tune_delta,d=1.5,T7,8,3.6255481243133545
0.8316666666666667,0.0,0.885,0.46999999999999903,0.4699999999999997,0.0,0.0,,,0.0,0.0,True,True,0.18586538198470795,6.300000000000001,2.0,1.0,,tune_delta,d=1.5,T7,9,3.350037097930908
0.8533333333333334,0.0,1.0,4.082787065738998,0.47784119785488355,0.0,0.0,,,0.0,0.0,True,True,0.1955138644770053,3.6,5.0,0.0,,tune_delta,d=1.5,T7,10,3.2857069969177246
0.5233333333333333,0.0,0.9366666666666666,0.46999999999999964,0.4700000000000002,0.0,1.0,0.0,,0.0,0.0,False,False,0.24038320456113452,7.7555555555555555,9.0,5.0,,tune_delta,d=1.5,T7,11,3.6445090770721436
0.9183333333333333,0.0,0.8583333333333333,0.46999999999999975,0.46999999999999964,0.0,1.0,1.0,2.7,0.0,0.0,True,True,0.1491488629481581,1.34,5.0,1.0,,tune_delta,d=1.5,T7,12,3.6425421237945557
0.9616666666666667,0.0,1.0,1.0121165344813545,0.795377344243837,0.0,0.0,,,0.0,0.0,True,True,0.15488125789428742,1.25,2.0,0.0,,tune_delta,d=1.5,T7,13,3.598417043685913
0.9583333333333334,0.0,0.99,0.46999999999999986,0.8399896516733183,0.0,0.0,,,0.0,0.0,True,True,0.19433087193675058,0.55,2.0,0.0,,tune_delta,d=1.5,T7,14,3.5001230239868164
0.885,0.0,0.965,0.4699999999999997,0.5006836976235665,0.0,0.0,,,0.0,0.0,True,True,0.16119959339965484,1.3625000000000003,8.0,1.0,,tune_delta,d=1.5,T7,15,3.7686479091644287
0.7833333333333333,0.0,1.0,0.6395749546956724,0.4784222751257763,0.0,0.0,,,0.0,0.0,True,False,0.22284993691117932,5.4,4.0,0.0,,tune_delta,d=1.5,T7,16,3.795362949371338
0.7483333333333333,0.0,1.0,9.376736870195227,0.46999999999999975,0.0,1.0,1.0,5.6000000000000005,0.0,0.0,True,False,0.13256459056206485,8.0,5.0,0.0,,tune_delta,d=1.5,T7,17,3.3515968322753906
0.995,0.0,0.96,0.46999999999999975,0.9943224854512916,0.0,1.0,1.0,1.8,0.0,0.0,True,True,0.10147626482123337,0.0,4.0,0.0,,tune_delta,d=1.5,T7,18,3.5467348098754883
0.8716666666666667,1.0,0.9383333333333334,0.4699999999999997,0.5615905029315564,0.0,0.0,,,0.0,0.0,True,False,0.15933694911159152,1.3000000000000003,11.0,5.0,,tune_delta,d=1.5,T7,19,3.6092708110809326
0.6216666666666667,0.0,0.995,0.4699999999999997,0.4700000000000001,0.0,0.0,,,0.0,0.0,True,False,0.2394845424397649,6.762500000000001,8.0,2.0,,tune_delta,d=1.5,T7,20,3.9429712295532227
0.9283333333333333,0.0,1.0,,0.7447166162071452,0.0,0.0,,,0.0,0.0,True,True,0.1444207781600581,1.1800000000000002,5.0,0.0,,tune_delta,d=1.5,T7,21,3.163160800933838
0.7433333333333333,1.0,0.8566666666666667,0.46999999999999925,0.5032654979331083,0.0,1.0,0.0,,0.0,0.0,False,False,0.16191471910546867,2.3333333333333335,9.0,3.0,,tune_delta,d=1.5,T7,22,3.9771671295166016
0.6216666666666667,0.0,0.8833333333333333,0.4699999999999992,0.4768477783088917,0.0,1.0,1.0,2.0,0.0,0.0,True,False,0.2021855683649355,5.190909090909091,11.0,7.0,,tune_delta,d=1.5,T7,23,3.1461262702941895
0.8283333333333334,0.0,0.9333333333333333,0.4699999999999994,0.47068393513829776,0.0,2.0,0.0,,0.0,0.0,False,False,0.12489671568560427,4.083333333333334,6.0,0.0,,tune_delta,d=1.5,T7,24,2.928370952606201
0.885,2.0,0.9683333333333334,0.4699999999999997,0.4957757210785536,0.0,1.0,1.0,1.3,0.0,0.0,True,False,0.1295179110444351,2.3000000000000003,6.0,0.0,,tune_delta,d=1.5,T7,25,3.171294927597046
1.0,1.0,0.9683333333333334,0.47,1.0056700535883802,0.0,1.0,1.0,2.0,0.0,0.0,True,False,0.18870960196166614,0.0,5.0,0.0,,tune_delta,d=1.5,T7,26,3.171389102935791
0.73,0.0,0.875,0.46999999999999914,0.46999999999999975,0.0,2.0,1.0,6.050000000000001,0.0,0.0,True,False,0.13697138622780908,3.0500000000000003,12.0,0.0,,tune_delta,d=1.5,T7,27,2.2364039421081543
0.8033333333333333,0.0,0.965,0.46999999999999986,0.4879627101859635,0.0,0.0,,,0.0,0.0,True,True,0.1915491763575179,2.8,5.0,0.0,,tune_delta,d=1.5,T7,28,3.0806069374084473
0.665,0.0,1.0,,0.4699999999999998,0.0,0.0,,,0.0,0.0,True,False,0.17019831811979114,6.76,5.0,0.0,,tune_delta,d=1.5,T7,29,1.7338640689849854
