method,scenario,n,tracking_rate,tracking_rate_lo,tracking_rate_hi,success,success_lo,success_hi,turn_lag,turn_lag_lo,turn_lag_hi,lost_events,lost_events_lo,lost_events_hi,recovery_rate,recovery_rate_lo,recovery_rate_hi,recovery_time,recovery_time_lo,recovery_time_hi,wrong_switches,wrong_switches_lo,wrong_switches_hi,person_collisions,person_collisions_lo,person_collisions_hi,obstacle_collisions,obstacle_collisions_lo,obstacle_collisions_hi,personal_space_compliance,personal_space_compliance_lo,personal_space_compliance_hi,min_dist_other,min_dist_other_lo,min_dist_other_hi,smoothness,smoothness_lo,smoothness_hi
C0 noise0.5,T7,50,0.7899999999999998,0.7452325000000001,0.8345666666666667,0.4,0.28,0.54,3.8831881118881113,3.037618059440559,4.78956402056277,0.92,0.62,1.26,0.8180555555555555,0.6666666666666666,0.9472916666666663,3.566269841269841,2.580545634920635,4.958878968253968,0.0,0.0,0.0,0.2,0.08,0.32,0.0,0.0,0.0,0.9295,0.9008283333333333,0.9539375000000001,0.771540565399133,0.4826697017777093,1.1456328239976752,0.18880752333320064,0.1765227012415058,0.1997552822190038
C0 noise1,T7,50,0.7372333333333333,0.6840916666666667,0.7875341666666666,0.36,0.24,0.48049999999999726,4.579251520701521,3.675082711177712,5.619625166361415,1.1,0.78,1.44,0.6860215053763441,0.5483602150537634,0.8064516129032258,3.4016025641025647,2.6681330128205127,4.26775641025641,0.0,0.0,0.0,0.36,0.16,0.62,0.0,0.0,0.0,0.9176666666666666,0.8871308333333332,0.9454033333333333,0.7829021228687238,0.5114896952892194,1.1426587552290512,0.18294087229501624,0.16945596078239242,0.19621230888315155
C0 noise2,T7,50,0.6175666666666666,0.5433608333333333,0.6898741666666666,0.22,0.12,0.34,6.367683882783883,5.025909378815629,7.875513330280828,1.44,1.08,1.8004999999999973,0.5923809523809523,0.44285714285714284,0.7357380952380952,4.353402777777778,3.5747395833333337,5.075798611111111,0.0,0.0,0.0,0.58,0.32,0.88,0.0,0.0,0.0,0.9338333333333333,0.9050308333333335,0.9578358333333333,0.9532592359664827,0.622198210862826,1.3590766707492161,0.15116537965042032,0.13447326848772673,0.16765187656633637
C0 fov70,T7,50,0.7087333333333333,0.6509858333333333,0.7634333333333333,0.36,0.24,0.48,5.243573290598291,4.064755613275612,6.744314014665891,1.32,0.98,1.68,0.782258064516129,0.6532258064516128,0.8924731182795699,4.187976190476191,3.102976190476191,5.382782738095238,0.0,0.0,0.0,0.3,0.12,0.5,0.02,0.0,0.06,0.9106333333333333,0.8698333333333333,0.944535,0.7893269807275546,0.5090857864268652,1.1371507345237724,0.1830742358644106,0.16819839266529263,0.1971286468026432
full noise0.5,T7,50,0.7664333333333334,0.7188325000000001,0.8124008333333335,0.44,0.3,0.58,4.420154090354091,3.5252329960317454,5.5062929594017085,0.9,0.56,1.2804999999999973,0.8531746031746033,0.7181547619047618,0.9722222222222221,3.7491228070175433,2.5217653508771924,5.498333333333333,0.0,0.0,0.0,0.2,0.08,0.36,0.0,0.0,0.0,0.9183,0.8794258333333334,0.9492008333333334,0.7521346522258776,0.48216103246772984,1.105937407616342,0.1310495475140075,0.12433183960510119,0.13815591529579294
full noise1,T7,50,0.7787999999999999,0.7263625,0.826335,0.5,0.36,0.64,4.353672105672106,3.063602616133866,6.191990148601398,0.92,0.6,1.26,0.8784722222222222,0.7568576388888888,0.96875,3.5420289855072467,2.701304347826087,4.445036231884058,0.0,0.0,0.0,0.26,0.1,0.46,0.0,0.0,0.0,0.9103999999999999,0.8764308333333333,0.9408700000000001,0.7508192273490966,0.4864031702232175,1.0900787652751616,0.15453417808888228,0.14586476720853908,0.162875247407044
full noise2,T7,50,0.7423666666666666,0.6911983333333332,0.7927066666666667,0.32,0.2,0.4404999999999973,4.772149886224886,3.7691178318903322,5.874963106962483,0.76,0.48,1.08,0.8095238095238095,0.6428571428571429,0.9523809523809523,3.8300925925925933,2.570787037037037,5.5190162037037025,0.0,0.0,0.0,0.36,0.16,0.62,0.02,0.0,0.06,0.9364000000000001,0.9108641666666666,0.9588666666666668,0.8270859366682342,0.5207282891680522,1.2014385855497047,0.20163738463618366,0.18788088241348283,0.21381288348109895
full fov70,T7,50,0.7693666666666666,0.7184325,0.8186708333333333,0.46,0.32,0.6,4.458084693084694,3.558076541514042,5.484662084859584,1.04,0.72,1.4,0.7946428571428571,0.6458333333333333,0.9226190476190476,3.651111111111111,2.6736041666666677,4.957246527777777,0.0,0.0,0.0,0.34,0.16,0.54,0.0,0.0,0.0,0.9209,0.8835625,0.9532666666666667,0.7776953613221097,0.5367485221595927,1.1176821703033306,0.15505401749230419,0.14518025198803436,0.16433595797795683
C0 noise0.5,ALL,50,0.7899999999999998,0.7452325000000001,0.8345666666666667,0.4,0.28,0.54,3.8831881118881113,3.037618059440559,4.78956402056277,0.92,0.62,1.26,0.8180555555555555,0.6666666666666666,0.9472916666666663,3.566269841269841,2.580545634920635,4.958878968253968,0.0,0.0,0.0,0.2,0.08,0.32,0.0,0.0,0.0,0.9295,0.9008283333333333,0.9539375000000001,0.771540565399133,0.4826697017777093,1.1456328239976752,0.18880752333320064,0.1765227012415058,0.1997552822190038
C0 noise1,ALL,50,0.7372333333333333,0.6840916666666667,0.7875341666666666,0.36,0.24,0.48049999999999726,4.579251520701521,3.675082711177712,5.619625166361415,1.1,0.78,1.44,0.6860215053763441,0.5483602150537634,0.8064516129032258,3.4016025641025647,2.6681330128205127,4.26775641025641,0.0,0.0,0.0,0.36,0.16,0.62,0.0,0.0,0.0,0.9176666666666666,0.8871308333333332,0.9454033333333333,0.7829021228687238,0.5114896952892194,1.1426587552290512,0.18294087229501624,0.16945596078239242,0.19621230888315155
C0 noise2,ALL,50,0.6175666666666666,0.5433608333333333,0.6898741666666666,0.22,0.12,0.34,6.367683882783883,5.025909378815629,7.875513330280828,1.44,1.08,1.8004999999999973,0.5923809523809523,0.44285714285714284,0.7357380952380952,4.353402777777778,3.5747395833333337,5.075798611111111,0.0,0.0,0.0,0.58,0.32,0.88,0.0,0.0,0.0,0.9338333333333333,0.9050308333333335,0.9578358333333333,0.9532592359664827,0.622198210862826,1.3590766707492161,0.15116537965042032,0.13447326848772673,0.16765187656633637
C0 fov70,ALL,50,0.7087333333333333,0.6509858333333333,0.7634333333333333,0.36,0.24,0.48,5.243573290598291,4.064755613275612,6.744314014665891,1.32,0.98,1.68,0.782258064516129,0.6532258064516128,0.8924731182795699,4.187976190476191,3.102976190476191,5.382782738095238,0.0,0.0,0.0,0.3,0.12,0.5,0.02,0.0,0.06,0.9106333333333333,0.8698333333333333,0.944535,0.7893269807275546,0.5090857864268652,1.1371507345237724,0.1830742358644106,0.16819839266529263,0.1971286468026432
full noise0.5,ALL,50,0.7664333333333334,0.7188325000000001,0.8124008333333335,0.44,0.3,0.58,4.420154090354091,3.5252329960317454,5.5062929594017085,0.9,0.56,1.2804999999999973,0.8531746031746033,0.7181547619047618,0.9722222222222221,3.7491228070175433,2.5217653508771924,5.498333333333333,0.0,0.0,0.0,0.2,0.08,0.36,0.0,0.0,0.0,0.9183,0.8794258333333334,0.9492008333333334,0.7521346522258776,0.48216103246772984,1.105937407616342,0.1310495475140075,0.12433183960510119,0.13815591529579294
full noise1,ALL,50,0.7787999999999999,0.7263625,0.826335,0.5,0.36,0.64,4.353672105672106,3.063602616133866,6.191990148601398,0.92,0.6,1.26,0.8784722222222222,0.7568576388888888,0.96875,3.5420289855072467,2.701304347826087,4.445036231884058,0.0,0.0,0.0,0.26,0.1,0.46,0.0,0.0,0.0,0.9103999999999999,0.8764308333333333,0.9408700000000001,0.7508192273490966,0.4864031702232175,1.0900787652751616,0.15453417808888228,0.14586476720853908,0.162875247407044
full noise2,ALL,50,0.7423666666666666,0.6911983333333332,0.7927066666666667,0.32,0.2,0.4404999999999973,4.772149886224886,3.7691178318903322,5.874963106962483,0.76,0.48,1.08,0.8095238095238095,0.6428571428571429,0.9523809523809523,3.8300925925925933,2.570787037037037,5.5190162037037025,0.0,0.0,0.0,0.36,0.16,0.62,0.02,0.0,0.06,0.9364000000000001,0.9108641666666666,0.9588666666666668,0.8270859366682342,0.5207282891680522,1.2014385855497047,0.20163738463618366,0.18788088241348283,0.21381288348109895
full fov70,ALL,50,0.7693666666666666,0.7184325,0.8186708333333333,0.46,0.32,0.6,4.458084693084694,3.558076541514042,5.484662084859584,1.04,0.72,1.4,0.7946428571428571,0.6458333333333333,0.9226190476190476,3.651111111111111,2.6736041666666677,4.957246527777777,0.0,0.0,0.0,0.34,0.16,0.54,0.0,0.0,0.0,0.9209,0.8835625,0.9532666666666667,0.7776953613221097,0.5367485221595927,1.1176821703033306,0.15505401749230419,0.14518025198803436,0.16433595797795683
