epoch,train_loss,val_ADE2,val_minADE2
0,0.45600114388384844,0.1370736062526703,0.0920003354549408
1,0.41640548260207755,0.13826879858970642,0.08754260838031769
2,0.4086554154011875,0.13946478068828583,0.08866041153669357
3,0.40600144321431386,0.13738204538822174,0.08626119792461395
4,0.40172897100862043,0.1338554471731186,0.08539639413356781
5,0.3998634683903342,0.13413485884666443,0.08454997837543488
6,0.39665259317310203,0.13245779275894165,0.08498116582632065
7,0.39395110681464607,0.1301671713590622,0.08325431495904922
8,0.39329427149640467,0.13274483382701874,0.08254199475049973
9,0.3901452799047631,0.13630129396915436,0.08217265456914902
10,0.39038319086104595,0.1310170292854309,0.08202024549245834
11,0.38748333988158845,0.13166126608848572,0.0818459764122963
12,0.38819219391792503,0.13150657713413239,0.0833776667714119
13,0.38603133235692005,0.1310664415359497,0.0810462161898613
14,0.384470702131127,0.1302073895931244,0.08123115450143814
15,0.3830537065421825,0.12887094914913177,0.08095374703407288
16,0.3814892396981009,0.13138175010681152,0.08061207085847855
17,0.38110630467573425,0.13071376085281372,0.08043409883975983
18,0.3803133386464963,0.13119225203990936,0.08045218139886856
19,0.37980038032229857,0.1298554539680481,0.08033216744661331
